"order_name","class_name","phylum_name","kingdom_name","superkingdom_name"
"Mastigamoebida","Archamoebea","Archamoebae","Conosa","Amoebozoa"
"Pelobiontida","Archamoebea","Archamoebae","Conosa","Amoebozoa"
"Echinosteliales","Myxomycetes","Mycetozoa","Conosa","Amoebozoa"
"Liceales","Myxomycetes","Mycetozoa","Conosa","Amoebozoa"
"Liceida","Myxomycetes","Mycetozoa","Conosa","Amoebozoa"
"Physarales","Myxomycetes","Mycetozoa","Conosa","Amoebozoa"
"Physariida","Myxomycetes","Mycetozoa","Conosa","Amoebozoa"
"Protosteliales","Myxomycetes","Mycetozoa","Conosa","Amoebozoa"
"Stemonitida","Myxomycetes","Mycetozoa","Conosa","Amoebozoa"
"Trichiida","Myxomycetes","Mycetozoa","Conosa","Amoebozoa"
"Dactylopodida","Flabellinia","Discosea","Lobosa","Amoebozoa"
"Himatismenida","Flabellinia","Discosea","Lobosa","Amoebozoa"
"Pellitida","Flabellinia","Discosea","Lobosa","Amoebozoa"
"Stygamoebida","Flabellinia","Discosea","Lobosa","Amoebozoa"
"Trichosida","Flabellinia","Discosea","Lobosa","Amoebozoa"
"Vannellida","Flabellinia","Discosea","Lobosa","Amoebozoa"
"Centramoebida","Longamoebia","Discosea","Lobosa","Amoebozoa"
"Dermamoebida","Longamoebia","Discosea","Lobosa","Amoebozoa"
"Longamoebia","Longamoebia","Discosea","Lobosa","Amoebozoa"
"Thecamoebida","Longamoebia","Discosea","Lobosa","Amoebozoa"
"Arcellinida","Tubulinea","Tubulinea","Lobosa","Amoebozoa"
"Echinamoebida","Tubulinea","Tubulinea","Lobosa","Amoebozoa"
"Euamoebida","Tubulinea","Tubulinea","Lobosa","Amoebozoa"
"Leptomyxida","Tubulinea","Tubulinea","Lobosa","Amoebozoa"
"Nolandida","Tubulinea","Tubulinea","Lobosa","Amoebozoa"
"Breviatida","Breviatea","Protamoebae","Protamoebae","Amoebozoa"
"Ancyromonadida","Ancyromonadida","Ancyromonadea","Apusozoa","Apusozoa"
"Mantamonadida","Mantamonadida","Mantamonadea","Apusozoa","Apusozoa"
"Planomonadida","Planomonadida","Planomonadea","Apusozoa","Apusozoa"
"Apusomonadida","Apusomonadida","Thecomonadea","Apusozoa","Apusozoa"
"Glaucocystales","Glaucocystophyceae","Glaucophyta","Glaucophyta","Archaeplastida"
"Gloeochaetales","Glaucocystophyceae","Glaucophyta","Glaucophyta","Archaeplastida"
"Bangiales","Bangiophyceae","Rhodophyta","Rhodophyta","Archaeplastida"
"Cyanidiales","Bangiophyceae","Rhodophyta","Rhodophyta","Archaeplastida"
"Erythropeltidales","Bangiophyceae","Rhodophyta","Rhodophyta","Archaeplastida"
"Compsopogonales","Compsopogonophyceae","Rhodophyta","Rhodophyta","Archaeplastida"
"Rhodochaetales","Compsopogonophyceae","Rhodophyta","Rhodophyta","Archaeplastida"
"Acrochaetiales","Florideophyceae","Rhodophyta","Rhodophyta","Archaeplastida"
"Acrosymphytales","Florideophyceae","Rhodophyta","Rhodophyta","Archaeplastida"
"Ahnfeltiales","Florideophyceae","Rhodophyta","Rhodophyta","Archaeplastida"
"Balliales","Florideophyceae","Rhodophyta","Rhodophyta","Archaeplastida"
"Batrachospermales","Florideophyceae","Rhodophyta","Rhodophyta","Archaeplastida"
"Bonnemaisoniales","Florideophyceae","Rhodophyta","Rhodophyta","Archaeplastida"
"Ceramiales","Florideophyceae","Rhodophyta","Rhodophyta","Archaeplastida"
"Colaconematales","Florideophyceae","Rhodophyta","Rhodophyta","Archaeplastida"
"Corallinales","Florideophyceae","Rhodophyta","Rhodophyta","Archaeplastida"
"Entwisleiales","Florideophyceae","Rhodophyta","Rhodophyta","Archaeplastida"
"Gelidiales","Florideophyceae","Rhodophyta","Rhodophyta","Archaeplastida"
"Gigartinales","Florideophyceae","Rhodophyta","Rhodophyta","Archaeplastida"
"Gracilariales","Florideophyceae","Rhodophyta","Rhodophyta","Archaeplastida"
"Halymeniales","Florideophyceae","Rhodophyta","Rhodophyta","Archaeplastida"
"Hapalidiales","Florideophyceae","Rhodophyta","Rhodophyta","Archaeplastida"
"Hildenbrandiales","Florideophyceae","Rhodophyta","Rhodophyta","Archaeplastida"
"Nemaliales","Florideophyceae","Rhodophyta","Rhodophyta","Archaeplastida"
"Nemastomatales","Florideophyceae","Rhodophyta","Rhodophyta","Archaeplastida"
"Palmariales","Florideophyceae","Rhodophyta","Rhodophyta","Archaeplastida"
"Plocamiales","Florideophyceae","Rhodophyta","Rhodophyta","Archaeplastida"
"Rhodachlyales","Florideophyceae","Rhodophyta","Rhodophyta","Archaeplastida"
"Rhodymeniales","Florideophyceae","Rhodophyta","Rhodophyta","Archaeplastida"
"Sebdeniales","Florideophyceae","Rhodophyta","Rhodophyta","Archaeplastida"
"Porphyridiales","Porphyrdiophyceae","Rhodophyta","Rhodophyta","Archaeplastida"
"Rhodellales","Rhodellophyceae","Rhodophyta","Rhodophyta","Archaeplastida"
"Rufusiales","Stylonematophyceae","Rhodophyta","Rhodophyta","Archaeplastida"
"Stylonematales","Stylonematophyceae","Rhodophyta","Rhodophyta","Archaeplastida"
"Andreaeales","Andreaeopsida","Bryophyta","Viridiplantae","Archaeplastida"
"Anthocerotales","Anthocerotopsida","Bryophyta","Viridiplantae","Archaeplastida"
"Archidiales","Bryopsida","Bryophyta","Viridiplantae","Archaeplastida"
"Aulacomniales","Bryopsida","Bryophyta","Viridiplantae","Archaeplastida"
"Bartramiales","Bryopsida","Bryophyta","Viridiplantae","Archaeplastida"
"Bryales","Bryopsida","Bryophyta","Viridiplantae","Archaeplastida"
"Bryoxiphiales","Bryopsida","Bryophyta","Viridiplantae","Archaeplastida"
"Buxbaumiales","Bryopsida","Bryophyta","Viridiplantae","Archaeplastida"
"Dicranales","Bryopsida","Bryophyta","Viridiplantae","Archaeplastida"
"Diphysciales","Bryopsida","Bryophyta","Viridiplantae","Archaeplastida"
"Encalyptales","Bryopsida","Bryophyta","Viridiplantae","Archaeplastida"
"Funariales","Bryopsida","Bryophyta","Viridiplantae","Archaeplastida"
"Gigaspermales","Bryopsida","Bryophyta","Viridiplantae","Archaeplastida"
"Grimmiales","Bryopsida","Bryophyta","Viridiplantae","Archaeplastida"
"Hedwigiales","Bryopsida","Bryophyta","Viridiplantae","Archaeplastida"
"Hookeriales","Bryopsida","Bryophyta","Viridiplantae","Archaeplastida"
"Hypnales","Bryopsida","Bryophyta","Viridiplantae","Archaeplastida"
"Hypnodendrales","Bryopsida","Bryophyta","Viridiplantae","Archaeplastida"
"Orthotrichales","Bryopsida","Bryophyta","Viridiplantae","Archaeplastida"
"Pottiales","Bryopsida","Bryophyta","Viridiplantae","Archaeplastida"
"Ptychomniales","Bryopsida","Bryophyta","Viridiplantae","Archaeplastida"
"Rhizogoniales","Bryopsida","Bryophyta","Viridiplantae","Archaeplastida"
"Scouleriales","Bryopsida","Bryophyta","Viridiplantae","Archaeplastida"
"Splachnales","Bryopsida","Bryophyta","Viridiplantae","Archaeplastida"
"Timmiales","Bryopsida","Bryophyta","Viridiplantae","Archaeplastida"
"Calobryales","Haplomitriopsida","Bryophyta","Viridiplantae","Archaeplastida"
"Treubiales","Haplomitriopsida","Bryophyta","Viridiplantae","Archaeplastida"
"Fossombroniales","Jungermanniopsida","Bryophyta","Viridiplantae","Archaeplastida"
"Jungermanniales","Jungermanniopsida","Bryophyta","Viridiplantae","Archaeplastida"
"Metzgeriales","Jungermanniopsida","Bryophyta","Viridiplantae","Archaeplastida"
"Pallaviciniales","Jungermanniopsida","Bryophyta","Viridiplantae","Archaeplastida"
"Pelliales","Jungermanniopsida","Bryophyta","Viridiplantae","Archaeplastida"
"Pleuroziales","Jungermanniopsida","Bryophyta","Viridiplantae","Archaeplastida"
"Porellales","Jungermanniopsida","Bryophyta","Viridiplantae","Archaeplastida"
"Ptilidiales","Jungermanniopsida","Bryophyta","Viridiplantae","Archaeplastida"
"Blasiales","Marchantiopsida","Bryophyta","Viridiplantae","Archaeplastida"
"Lunulariales","Marchantiopsida","Bryophyta","Viridiplantae","Archaeplastida"
"Marchantiales","Marchantiopsida","Bryophyta","Viridiplantae","Archaeplastida"
"Neohodgsoniales","Marchantiopsida","Bryophyta","Viridiplantae","Archaeplastida"
"Sphaerocarpales","Marchantiopsida","Bryophyta","Viridiplantae","Archaeplastida"
"Polytrichales","Polytrichopsida","Bryophyta","Viridiplantae","Archaeplastida"
"Sphagnales","Sphagnopsida","Bryophyta","Viridiplantae","Archaeplastida"
"Tetraphidales","Tetraphidopsida","Bryophyta","Viridiplantae","Archaeplastida"
"Charales","Charophyceae","Charophyta","Viridiplantae","Archaeplastida"
"Coleochaetales","Charophyceae","Charophyta","Viridiplantae","Archaeplastida"
"Chlorokybales","Klebsormidiophyceae","Charophyta","Viridiplantae","Archaeplastida"
"Klebsormidiales","Klebsormidiophyceae","Charophyta","Viridiplantae","Archaeplastida"
"Mesostigmatales","Mesostigmatophyceae ","Charophyta","Viridiplantae","Archaeplastida"
"Desmidiales","Zygnematophyceae","Charophyta","Viridiplantae","Archaeplastida"
"Zygnematales","Zygnematophyceae","Charophyta","Viridiplantae","Archaeplastida"
"Caulerpales","Chlorophyceae","Chlorophyta","Viridiplantae","Archaeplastida"
"Chaetopeltidales","Chlorophyceae","Chlorophyta","Viridiplantae","Archaeplastida"
"Chaetophorales","Chlorophyceae","Chlorophyta","Viridiplantae","Archaeplastida"
"Chlamydomonadales","Chlorophyceae","Chlorophyta","Viridiplantae","Archaeplastida"
"Chlorocystidales","Chlorophyceae","Chlorophyta","Viridiplantae","Archaeplastida"
"Codiales","Chlorophyceae","Chlorophyta","Viridiplantae","Archaeplastida"
"Dunaliellales","Chlorophyceae","Chlorophyta","Viridiplantae","Archaeplastida"
"Oedogoniales","Chlorophyceae","Chlorophyta","Viridiplantae","Archaeplastida"
"Phaeophilales","Chlorophyceae","Chlorophyta","Viridiplantae","Archaeplastida"
"Sphaeropleales","Chlorophyceae","Chlorophyta","Viridiplantae","Archaeplastida"
"Tetrasporales","Chlorophyceae","Chlorophyta","Viridiplantae","Archaeplastida"
"Volvocales","Chlorophyceae","Chlorophyta","Viridiplantae","Archaeplastida"
"Dolichomastigales","Mamiellophyceae","Chlorophyta","Viridiplantae","Archaeplastida"
"Mamiellales","Mamiellophyceae","Chlorophyta","Viridiplantae","Archaeplastida"
"Monomastigales","Mamiellophyceae","Chlorophyta","Viridiplantae","Archaeplastida"
"Nephroselmidales","Nephrophyceae","Chlorophyta","Viridiplantae","Archaeplastida"
"Pedinomonadales","Pedinophyceae","Chlorophyta","Viridiplantae","Archaeplastida"
"Chlorodendrales","Prasinophyceae","Chlorophyta","Viridiplantae","Archaeplastida"
"Halosphaerales","Prasinophyceae","Chlorophyta","Viridiplantae","Archaeplastida"
"Prasinococcales","Prasinophyceae","Chlorophyta","Viridiplantae","Archaeplastida"
"Pseudoscourfieldiales","Prasinophyceae","Chlorophyta","Viridiplantae","Archaeplastida"
"Pyramimonadales","Prasinophyceae","Chlorophyta","Viridiplantae","Archaeplastida"
"Chlorellales","Trebouxiophyceae","Chlorophyta","Viridiplantae","Archaeplastida"
"Ctenocladales","Trebouxiophyceae","Chlorophyta","Viridiplantae","Archaeplastida"
"Prasiolales","Trebouxiophyceae","Chlorophyta","Viridiplantae","Archaeplastida"
"Trebouxiales","Trebouxiophyceae","Chlorophyta","Viridiplantae","Archaeplastida"
"Bryopsidales","Ulvophyceae","Chlorophyta","Viridiplantae","Archaeplastida"
"Cladophorales","Ulvophyceae","Chlorophyta","Viridiplantae","Archaeplastida"
"Dasycladales","Ulvophyceae","Chlorophyta","Viridiplantae","Archaeplastida"
"Siphonocladales","Ulvophyceae","Chlorophyta","Viridiplantae","Archaeplastida"
"Ulotrichales","Ulvophyceae","Chlorophyta","Viridiplantae","Archaeplastida"
"Ulvales","Ulvophyceae","Chlorophyta","Viridiplantae","Archaeplastida"
"Equisetales","Equisetopsida","Tracheophyta","Viridiplantae","Archaeplastida"
"Ginkgoales","Ginkgoopsida","Tracheophyta","Viridiplantae","Archaeplastida"
"Ephedrales","Gnetopsida","Tracheophyta","Viridiplantae","Archaeplastida"
"Gnetales","Gnetopsida","Tracheophyta","Viridiplantae","Archaeplastida"
"Isoetales","Isoetopsida","Tracheophyta","Viridiplantae","Archaeplastida"
"Selaginellales","Isoetopsida","Tracheophyta","Viridiplantae","Archaeplastida"
"Acorales","Liliopsida","Tracheophyta","Viridiplantae","Archaeplastida"
"Alismatales","Liliopsida","Tracheophyta","Viridiplantae","Archaeplastida"
"Arecales","Liliopsida","Tracheophyta","Viridiplantae","Archaeplastida"
"Asparagales","Liliopsida","Tracheophyta","Viridiplantae","Archaeplastida"
"Dioscoreales","Liliopsida","Tracheophyta","Viridiplantae","Archaeplastida"
"Liliales","Liliopsida","Tracheophyta","Viridiplantae","Archaeplastida"
"Poales","Liliopsida","Tracheophyta","Viridiplantae","Archaeplastida"
"Zingiberales","Liliopsida","Tracheophyta","Viridiplantae","Archaeplastida"
"Lycopodiales","Lycopodiopsida","Tracheophyta","Viridiplantae","Archaeplastida"
"Apiales","Magnoliopsida","Tracheophyta","Viridiplantae","Archaeplastida"
"Asterales","Magnoliopsida","Tracheophyta","Viridiplantae","Archaeplastida"
"Berberidopsidales","Magnoliopsida","Tracheophyta","Viridiplantae","Archaeplastida"
"Boraginales","Magnoliopsida","Tracheophyta","Viridiplantae","Archaeplastida"
"Brassicales","Magnoliopsida","Tracheophyta","Viridiplantae","Archaeplastida"
"Buxales","Magnoliopsida","Tracheophyta","Viridiplantae","Archaeplastida"
"Caryophyllales","Magnoliopsida","Tracheophyta","Viridiplantae","Archaeplastida"
"Celastrales","Magnoliopsida","Tracheophyta","Viridiplantae","Archaeplastida"
"Cornales","Magnoliopsida","Tracheophyta","Viridiplantae","Archaeplastida"
"Cucurbitales","Magnoliopsida","Tracheophyta","Viridiplantae","Archaeplastida"
"Dilleniales","Magnoliopsida","Tracheophyta","Viridiplantae","Archaeplastida"
"Dipsacales","Magnoliopsida","Tracheophyta","Viridiplantae","Archaeplastida"
"Ericales","Magnoliopsida","Tracheophyta","Viridiplantae","Archaeplastida"
"Fabales","Magnoliopsida","Tracheophyta","Viridiplantae","Archaeplastida"
"Fagales","Magnoliopsida","Tracheophyta","Viridiplantae","Archaeplastida"
"Garryales","Magnoliopsida","Tracheophyta","Viridiplantae","Archaeplastida"
"Gentianales","Magnoliopsida","Tracheophyta","Viridiplantae","Archaeplastida"
"Geraniales","Magnoliopsida","Tracheophyta","Viridiplantae","Archaeplastida"
"Gunnerales","Magnoliopsida","Tracheophyta","Viridiplantae","Archaeplastida"
"Lamiales","Magnoliopsida","Tracheophyta","Viridiplantae","Archaeplastida"
"Laurales","Magnoliopsida","Tracheophyta","Viridiplantae","Archaeplastida"
"Magnoliales","Magnoliopsida","Tracheophyta","Viridiplantae","Archaeplastida"
"Malpighiales","Magnoliopsida","Tracheophyta","Viridiplantae","Archaeplastida"
"Malvales","Magnoliopsida","Tracheophyta","Viridiplantae","Archaeplastida"
"Myrtales","Magnoliopsida","Tracheophyta","Viridiplantae","Archaeplastida"
"Nymphaeales","Magnoliopsida","Tracheophyta","Viridiplantae","Archaeplastida"
"Oxalidales","Magnoliopsida","Tracheophyta","Viridiplantae","Archaeplastida"
"Proteales","Magnoliopsida","Tracheophyta","Viridiplantae","Archaeplastida"
"Ranunculales","Magnoliopsida","Tracheophyta","Viridiplantae","Archaeplastida"
"Rosales","Magnoliopsida","Tracheophyta","Viridiplantae","Archaeplastida"
"Santalales","Magnoliopsida","Tracheophyta","Viridiplantae","Archaeplastida"
"Sapindales","Magnoliopsida","Tracheophyta","Viridiplantae","Archaeplastida"
"Saxifragales","Magnoliopsida","Tracheophyta","Viridiplantae","Archaeplastida"
"Solanales","Magnoliopsida","Tracheophyta","Viridiplantae","Archaeplastida"
"Trochodendrales","Magnoliopsida","Tracheophyta","Viridiplantae","Archaeplastida"
"Vitales","Magnoliopsida","Tracheophyta","Viridiplantae","Archaeplastida"
"Araucariales","Pinopsida","Tracheophyta","Viridiplantae","Archaeplastida"
"Cupressales","Pinopsida","Tracheophyta","Viridiplantae","Archaeplastida"
"Pinales","Pinopsida","Tracheophyta","Viridiplantae","Archaeplastida"
"Osmundales","Polypodiopsida","Tracheophyta","Viridiplantae","Archaeplastida"
"Polypodiales","Polypodiopsida","Tracheophyta","Viridiplantae","Archaeplastida"
"Haemospororida","Aconoidasida","Apicomplexa","Alveolata","Chromalveolata"
"Piroplasmorida","Aconoidasida","Apicomplexa","Alveolata","Chromalveolata"
"Colpodellida","Apicomonadea","Apicomplexa","Alveolata","Chromalveolata"
"Agamococcidiorida","Conoidasida","Apicomplexa","Alveolata","Chromalveolata"
"Archigregarinorida","Conoidasida","Apicomplexa","Alveolata","Chromalveolata"
"Eucoccidiorida","Conoidasida","Apicomplexa","Alveolata","Chromalveolata"
"Eugregarinorida","Conoidasida","Apicomplexa","Alveolata","Chromalveolata"
"Ixorheorida","Conoidasida","Apicomplexa","Alveolata","Chromalveolata"
"Neogregarinorida","Conoidasida","Apicomplexa","Alveolata","Chromalveolata"
"Protococcidiorida","Conoidasida","Apicomplexa","Alveolata","Chromalveolata"
"Armophorida","Armophorea","Ciliophora","Alveolata","Chromalveolata"
"Bryometopida","Colpodea","Ciliophora","Alveolata","Chromalveolata"
"Bryophryida","Colpodea","Ciliophora","Alveolata","Chromalveolata"
"Bursariomorphida","Colpodea","Ciliophora","Alveolata","Chromalveolata"
"Colpodida","Colpodea","Ciliophora","Alveolata","Chromalveolata"
"Cyrtolophosidida","Colpodea","Ciliophora","Alveolata","Chromalveolata"
"Grossglockneriida","Colpodea","Ciliophora","Alveolata","Chromalveolata"
"Sorogenida","Colpodea","Ciliophora","Alveolata","Chromalveolata"
"Heterotrichida","Heterotrichea","Ciliophora","Alveolata","Chromalveolata"
"Clevelandellida","Intramacronucleata_incertae_sedis","Ciliophora","Alveolata","Chromalveolata"
"Odontostomatida","Intramacronucleata_incertae_sedis","Ciliophora","Alveolata","Chromalveolata"
"Phacodiniida","Intramacronucleata_incertae_sedis","Ciliophora","Alveolata","Chromalveolata"
"Loxodida","Karyorelictea","Ciliophora","Alveolata","Chromalveolata"
"Protoheterotrichida","Karyorelictea","Ciliophora","Alveolata","Chromalveolata"
"Protostomatida","Karyorelictea","Ciliophora","Alveolata","Chromalveolata"
"Cyclotrichida","Litostomatea","Ciliophora","Alveolata","Chromalveolata"
"Cyclotrichiida","Litostomatea","Ciliophora","Alveolata","Chromalveolata"
"Entodiniomorphida","Litostomatea","Ciliophora","Alveolata","Chromalveolata"
"Haptorida","Litostomatea","Ciliophora","Alveolata","Chromalveolata"
"Pleurostomatida","Litostomatea","Ciliophora","Alveolata","Chromalveolata"
"Trichostomatida","Litostomatea","Ciliophora","Alveolata","Chromalveolata"
"Vestibuliferida","Litostomatea","Ciliophora","Alveolata","Chromalveolata"
"Microthoracida","Nassophorea","Ciliophora","Alveolata","Chromalveolata"
"Nassulida","Nassophorea","Ciliophora","Alveolata","Chromalveolata"
"Synhymeniida","Nassophorea","Ciliophora","Alveolata","Chromalveolata"
"Apostomatida","Oligohymenophorea","Ciliophora","Alveolata","Chromalveolata"
"Astomatida","Oligohymenophorea","Ciliophora","Alveolata","Chromalveolata"
"Hymenostomatida","Oligohymenophorea","Ciliophora","Alveolata","Chromalveolata"
"Mobilida","Oligohymenophorea","Ciliophora","Alveolata","Chromalveolata"
"Ophryoglenida","Oligohymenophorea","Ciliophora","Alveolata","Chromalveolata"
"Peniculida","Oligohymenophorea","Ciliophora","Alveolata","Chromalveolata"
"Peritrichia","Oligohymenophorea","Ciliophora","Alveolata","Chromalveolata"
"Philasterida","Oligohymenophorea","Ciliophora","Alveolata","Chromalveolata"
"Pleuronematida","Oligohymenophorea","Ciliophora","Alveolata","Chromalveolata"
"Sessilida","Oligohymenophorea","Ciliophora","Alveolata","Chromalveolata"
"Tetrahymenida","Oligohymenophorea","Ciliophora","Alveolata","Chromalveolata"
"Thigmotrichida","Oligohymenophorea","Ciliophora","Alveolata","Chromalveolata"
"Choreotrichida","Oligotrichea","Ciliophora","Alveolata","Chromalveolata"
"Halteriida","Oligotrichea","Ciliophora","Alveolata","Chromalveolata"
"Oligotrichida","Oligotrichea","Ciliophora","Alveolata","Chromalveolata"
"Strombidiida","Oligotrichea","Ciliophora","Alveolata","Chromalveolata"
"Tintinnida","Oligotrichea","Ciliophora","Alveolata","Chromalveolata"
"Plagiopylida","Plagiopylea","Ciliophora","Alveolata","Chromalveolata"
"Prorodontida","Prostomatea","Ciliophora","Alveolata","Chromalveolata"
"Prostomatida","Prostomatea","Ciliophora","Alveolata","Chromalveolata"
"Euplotida","Spirotrichea","Ciliophora","Alveolata","Chromalveolata"
"Licnophorida","Spirotrichea","Ciliophora","Alveolata","Chromalveolata"
"Plagiotomida","Spirotrichea","Ciliophora","Alveolata","Chromalveolata"
"Protocruziida","Spirotrichea","Ciliophora","Alveolata","Chromalveolata"
"Spirotrichea_incertae_sedis","Spirotrichea","Ciliophora","Alveolata","Chromalveolata"
"Sporadotrichida","Spirotrichea","Ciliophora","Alveolata","Chromalveolata"
"Stichotrichida","Spirotrichea","Ciliophora","Alveolata","Chromalveolata"
"Urostylida","Spirotrichea","Ciliophora","Alveolata","Chromalveolata"
"Actiniscales","Dinophyceae","Dinoflagellata","Alveolata","Chromalveolata"
"Amphilothales","Dinophyceae","Dinoflagellata","Alveolata","Chromalveolata"
"Blastodiniales","Dinophyceae","Dinoflagellata","Alveolata","Chromalveolata"
"Brachidiniales","Dinophyceae","Dinoflagellata","Alveolata","Chromalveolata"
"Coccidiniales","Dinophyceae","Dinoflagellata","Alveolata","Chromalveolata"
"Desmomastigales","Dinophyceae","Dinoflagellata","Alveolata","Chromalveolata"
"Dinophysiales","Dinophyceae","Dinoflagellata","Alveolata","Chromalveolata"
"Gonyaulacales","Dinophyceae","Dinoflagellata","Alveolata","Chromalveolata"
"Gymnodiniales","Dinophyceae","Dinoflagellata","Alveolata","Chromalveolata"
"Lophodiniales","Dinophyceae","Dinoflagellata","Alveolata","Chromalveolata"
"Noctilucales","Dinophyceae","Dinoflagellata","Alveolata","Chromalveolata"
"Oxyrrhinales","Dinophyceae","Dinoflagellata","Alveolata","Chromalveolata"
"Peridiniales","Dinophyceae","Dinoflagellata","Alveolata","Chromalveolata"
"Phytodiniales","Dinophyceae","Dinoflagellata","Alveolata","Chromalveolata"
"Prorocentrales","Dinophyceae","Dinoflagellata","Alveolata","Chromalveolata"
"Pyrocystales","Dinophyceae","Dinoflagellata","Alveolata","Chromalveolata"
"Suessiales","Dinophyceae","Dinoflagellata","Alveolata","Chromalveolata"
"Syndiniales","Dinophyceae","Dinoflagellata","Alveolata","Chromalveolata"
"Thoracosphaerales","Dinophyceae","Dinoflagellata","Alveolata","Chromalveolata"
"Dinophyceae incertae sedis","Dinophyceae","Dinoflagellata","Alveolata","Chromalveolata"
"Ellobiopsida","Ellobiopsea","Protalveolata","Alveolata","Chromalveolata"
"Perkinsida","Perkinsea","Protalveolata","Alveolata","Chromalveolata"
"Cryptomonadales","Cryptophyceae","Cryptophyta","Hacrobia","Chromalveolata"
"Pyrenomonadales","Cryptophyceae","Cryptophyta","Hacrobia","Chromalveolata"
"Katablepharidales","Katablepharidophyta","Cryptophyta","Hacrobia","Chromalveolata"
"Pavlovales","Haptophyceae","Haptophyta","Hacrobia","Chromalveolata"
"Picomonadida","Picomonadea","Haptophyta","Hacrobia","Chromalveolata"
"Coccolithales","Prymnesiophyceae","Haptophyta","Hacrobia","Chromalveolata"
"Coccosphaerales","Prymnesiophyceae","Haptophyta","Hacrobia","Chromalveolata"
"Isochrysidales","Prymnesiophyceae","Haptophyta","Hacrobia","Chromalveolata"
"Phaeocystales","Prymnesiophyceae","Haptophyta","Hacrobia","Chromalveolata"
"Prymnesiales","Prymnesiophyceae","Haptophyta","Hacrobia","Chromalveolata"
"Syracosphaerales","Prymnesiophyceae","Haptophyta","Hacrobia","Chromalveolata"
"Zygodiscales","Prymnesiophyceae","Haptophyta","Hacrobia","Chromalveolata"
"Centrohelida","Centrohelea","Heliozoa","Hacrobia","Chromalveolata"
"Claustrosporida","Ascetosporea","Cercozoa","Rhizaria","Chromalveolata"
"Haplosporida","Ascetosporea","Cercozoa","Rhizaria","Chromalveolata"
"Paradinida","Ascetosporea","Cercozoa","Rhizaria","Chromalveolata"
"Chlorarachniida","Chlorarachnea","Cercozoa","Rhizaria","Chromalveolata"
"Cryptofilida","Granofilosea","Cercozoa","Rhizaria","Chromalveolata"
"Desmothoracida","Granofilosea","Cercozoa","Rhizaria","Chromalveolata"
"Heliomonadida","Granofilosea","Cercozoa","Rhizaria","Chromalveolata"
"Leucodictyida","Granofilosea","Cercozoa","Rhizaria","Chromalveolata"
"Limnofilida","Granofilosea","Cercozoa","Rhizaria","Chromalveolata"
"Gromiida","Gromiidea","Cercozoa","Rhizaria","Chromalveolata"
"Euglyphida","Imbricatea","Cercozoa","Rhizaria","Chromalveolata"
"Marimonadida","Imbricatea","Cercozoa","Rhizaria","Chromalveolata"
"Spongomonadida","Imbricatea","Cercozoa","Rhizaria","Chromalveolata"
"Thaumatomonadida","Imbricatea","Cercozoa","Rhizaria","Chromalveolata"
"Phagomyxida","Phytomyxea","Cercozoa","Rhizaria","Chromalveolata"
"Plasmodiophorida","Phytomyxea","Cercozoa","Rhizaria","Chromalveolata"
"Aconchulinida","Proteomyxidea","Cercozoa","Rhizaria","Chromalveolata"
"Pseudosporida","Proteomyxidea","Cercozoa","Rhizaria","Chromalveolata"
"Reticulosida","Proteomyxidea","Cercozoa","Rhizaria","Chromalveolata"
"Cercomonadida","Sarcomonadea","Cercozoa","Rhizaria","Chromalveolata"
"Glissomonadida","Sarcomonadea","Cercozoa","Rhizaria","Chromalveolata"
"Pansomonadida","Sarcomonadea","Cercozoa","Rhizaria","Chromalveolata"
"Tremulida","Skiomonadea","Cercozoa","Rhizaria","Chromalveolata"
"Cryomonadida","Thecofilosea","Cercozoa","Rhizaria","Chromalveolata"
"Ebriida","Thecofilosea","Cercozoa","Rhizaria","Chromalveolata"
"Phaeocalpida","Thecofilosea","Cercozoa","Rhizaria","Chromalveolata"
"Phaeoconchida","Thecofilosea","Cercozoa","Rhizaria","Chromalveolata"
"Phaeocystida","Thecofilosea","Cercozoa","Rhizaria","Chromalveolata"
"Phaeodaria","Thecofilosea","Cercozoa","Rhizaria","Chromalveolata"
"Phaeodendrida","Thecofilosea","Cercozoa","Rhizaria","Chromalveolata"
"Phaeogromida","Thecofilosea","Cercozoa","Rhizaria","Chromalveolata"
"Phaeogymnocellida","Thecofilosea","Cercozoa","Rhizaria","Chromalveolata"
"Phaeosphaerida","Thecofilosea","Cercozoa","Rhizaria","Chromalveolata"
"Tectofilosida","Thecofilosea","Cercozoa","Rhizaria","Chromalveolata"
"Ventricleftida","Thecofilosea","Cercozoa","Rhizaria","Chromalveolata"
"Vampyrellida","Vampyrellidea","Cercozoa","Rhizaria","Chromalveolata"
"Carterinida","Globothalamea","Foraminifera","Rhizaria","Chromalveolata"
"Robertinida","Globothalamea","Foraminifera","Rhizaria","Chromalveolata"
"Rotaliida","Globothalamea","Foraminifera","Rhizaria","Chromalveolata"
"Allogromiida","Monothalamea","Foraminifera","Rhizaria","Chromalveolata"
"Astrorhizida","Monothalamea","Foraminifera","Rhizaria","Chromalveolata"
"Psamminida","Monothalamea","Foraminifera","Rhizaria","Chromalveolata"
"Stannomida","Monothalamea","Foraminifera","Rhizaria","Chromalveolata"
"Miliolida","Tubothalamea","Foraminifera","Rhizaria","Chromalveolata"
"Spirillinida","Tubothalamea","Foraminifera","Rhizaria","Chromalveolata"
"Arthracanthida","Acantharia","Radiozoa","Rhizaria","Chromalveolata"
"Chaunacanthida","Acantharia","Radiozoa","Rhizaria","Chromalveolata"
"Holacanthida","Acantharia","Radiozoa","Rhizaria","Chromalveolata"
"Symphyacanthida","Acantharia","Radiozoa","Rhizaria","Chromalveolata"
"Collodaria","Polycystina","Radiozoa","Rhizaria","Chromalveolata"
"Nassellaria","Polycystina","Radiozoa","Rhizaria","Chromalveolata"
"Spumellaria","Polycystina","Radiozoa","Rhizaria","Chromalveolata"
"Sticholonchida","Sticholonchea","Radiozoa","Rhizaria","Chromalveolata"
"Taxopodida","Sticholonchea","Radiozoa","Rhizaria","Chromalveolata"
"Achnanthales","Bacillariophyceae","Bacillariophyta","Stramenopiles","Chromalveolata"
"Bacillariales","Bacillariophyceae","Bacillariophyta","Stramenopiles","Chromalveolata"
"Cymbellales","Bacillariophyceae","Bacillariophyta","Stramenopiles","Chromalveolata"
"Dictyoneidales","Bacillariophyceae","Bacillariophyta","Stramenopiles","Chromalveolata"
"Eunotiales","Bacillariophyceae","Bacillariophyta","Stramenopiles","Chromalveolata"
"Lyrellales","Bacillariophyceae","Bacillariophyta","Stramenopiles","Chromalveolata"
"Mastogloiales","Bacillariophyceae","Bacillariophyta","Stramenopiles","Chromalveolata"
"Naviculales","Bacillariophyceae","Bacillariophyta","Stramenopiles","Chromalveolata"
"Rhopalodiales","Bacillariophyceae","Bacillariophyta","Stramenopiles","Chromalveolata"
"Surirellales","Bacillariophyceae","Bacillariophyta","Stramenopiles","Chromalveolata"
"Thalassiophysales","Bacillariophyceae","Bacillariophyta","Stramenopiles","Chromalveolata"
"Anaulales","Coscinodiscophyceae","Bacillariophyta","Stramenopiles","Chromalveolata"
"Aulacoseirales","Coscinodiscophyceae","Bacillariophyta","Stramenopiles","Chromalveolata"
"Biddulphiales","Coscinodiscophyceae","Bacillariophyta","Stramenopiles","Chromalveolata"
"Chaetocerotales","Coscinodiscophyceae","Bacillariophyta","Stramenopiles","Chromalveolata"
"Corethrales","Coscinodiscophyceae","Bacillariophyta","Stramenopiles","Chromalveolata"
"Coscinodiscales","Coscinodiscophyceae","Bacillariophyta","Stramenopiles","Chromalveolata"
"Cymatosirales","Coscinodiscophyceae","Bacillariophyta","Stramenopiles","Chromalveolata"
"Hemiaulales","Coscinodiscophyceae","Bacillariophyta","Stramenopiles","Chromalveolata"
"Leptocylindrales","Coscinodiscophyceae","Bacillariophyta","Stramenopiles","Chromalveolata"
"Lithodesmiales","Coscinodiscophyceae","Bacillariophyta","Stramenopiles","Chromalveolata"
"Melosirales","Coscinodiscophyceae","Bacillariophyta","Stramenopiles","Chromalveolata"
"Rhizosoleniales","Coscinodiscophyceae","Bacillariophyta","Stramenopiles","Chromalveolata"
"Stictocyclales","Coscinodiscophyceae","Bacillariophyta","Stramenopiles","Chromalveolata"
"Thalassiosirales","Coscinodiscophyceae","Bacillariophyta","Stramenopiles","Chromalveolata"
"Triceratiales","Coscinodiscophyceae","Bacillariophyta","Stramenopiles","Chromalveolata"
"Fragilariales","Fragilariophyceae","Bacillariophyta","Stramenopiles","Chromalveolata"
"Licmophorales","Fragilariophyceae","Bacillariophyta","Stramenopiles","Chromalveolata"
"Rhabdonematales","Fragilariophyceae","Bacillariophyta","Stramenopiles","Chromalveolata"
"Rhaponeidales","Fragilariophyceae","Bacillariophyta","Stramenopiles","Chromalveolata"
"Striatellales","Fragilariophyceae","Bacillariophyta","Stramenopiles","Chromalveolata"
"Tabellariales","Fragilariophyceae","Bacillariophyta","Stramenopiles","Chromalveolata"
"Thalassionemales","Fragilariophyceae","Bacillariophyta","Stramenopiles","Chromalveolata"
"Thalassionematales","Fragilariophyceae","Bacillariophyta","Stramenopiles","Chromalveolata"
"Toxariales","Fragilariophyceae","Bacillariophyta","Stramenopiles","Chromalveolata"
"Bicosoecida","Bicoecea","Bigyra","Stramenopiles","Chromalveolata"
"Blastocystida","Blastocystea","Bigyra","Stramenopiles","Chromalveolata"
"Labyrinthulomycetes","Labyrinthulea","Bigyra","Stramenopiles","Chromalveolata"
"Actinophryida","Nucleohelea","Bigyra","Stramenopiles","Chromalveolata"
"Opalinida","Opalinea","Bigyra","Stramenopiles","Chromalveolata"
"Slopalinida","Opalinea","Bigyra","Stramenopiles","Chromalveolata"
"Proteromonadida","Proteromonadea","Bigyra","Stramenopiles","Chromalveolata"
"Hyphochytriida","Hyphochytriomycetes","Hyphochytriomycota","Stramenopiles","Chromalveolata"
"Chrysomeridales","Chrysomerophyceae","Ochrophyta","Stramenopiles","Chromalveolata"
"Chloramoebales","Chrysophyceae","Ochrophyta","Stramenopiles","Chromalveolata"
"Chromulinales","Chrysophyceae","Ochrophyta","Stramenopiles","Chromalveolata"
"Chrysosphaerales","Chrysophyceae","Ochrophyta","Stramenopiles","Chromalveolata"
"Heterogloeales","Chrysophyceae","Ochrophyta","Stramenopiles","Chromalveolata"
"Hibberdiales","Chrysophyceae","Ochrophyta","Stramenopiles","Chromalveolata"
"Hydrurales","Chrysophyceae","Ochrophyta","Stramenopiles","Chromalveolata"
"Ochromonadales","Chrysophyceae","Ochrophyta","Stramenopiles","Chromalveolata"
"Parmales","Chrysophyceae","Ochrophyta","Stramenopiles","Chromalveolata"
"Phaeothamnales","Chrysophyceae","Ochrophyta","Stramenopiles","Chromalveolata"
"Synurales","Chrysophyceae","Ochrophyta","Stramenopiles","Chromalveolata"
"Thallochrysidales","Chrysophyceae","Ochrophyta","Stramenopiles","Chromalveolata"
"Dictyochales","Dictyochophyceae","Ochrophyta","Stramenopiles","Chromalveolata"
"Florenciellales","Dictyochophyceae","Ochrophyta","Stramenopiles","Chromalveolata"
"Pinguiochrysidales","Dictyochophyceae","Ochrophyta","Stramenopiles","Chromalveolata"
"Rhizochromulinales","Dictyochophyceae","Ochrophyta","Stramenopiles","Chromalveolata"
"Eustigmatales","Eustigmatophyceae","Ochrophyta","Stramenopiles","Chromalveolata"
"Goniochloridales","Eustigmatophyceae","Ochrophyta","Stramenopiles","Chromalveolata"
"Cutleriales","Phaeophyceae","Ochrophyta","Stramenopiles","Chromalveolata"
"Desmarestiales","Phaeophyceae","Ochrophyta","Stramenopiles","Chromalveolata"
"Dictyotales","Phaeophyceae","Ochrophyta","Stramenopiles","Chromalveolata"
"Ectocarpales","Phaeophyceae","Ochrophyta","Stramenopiles","Chromalveolata"
"Fucales","Phaeophyceae","Ochrophyta","Stramenopiles","Chromalveolata"
"Laminariales","Phaeophyceae","Ochrophyta","Stramenopiles","Chromalveolata"
"Onslowiales","Phaeophyceae","Ochrophyta","Stramenopiles","Chromalveolata"
"Phaeothamniales","Phaeophyceae","Ochrophyta","Stramenopiles","Chromalveolata"
"Ralfsiales","Phaeophyceae","Ochrophyta","Stramenopiles","Chromalveolata"
"Sphacelariales","Phaeophyceae","Ochrophyta","Stramenopiles","Chromalveolata"
"Tilopteridales","Phaeophyceae","Ochrophyta","Stramenopiles","Chromalveolata"
"Chattonellales","Raphidophyceae","Ochrophyta","Stramenopiles","Chromalveolata"
"Raphidomonadales","Raphidophyceae","Ochrophyta","Stramenopiles","Chromalveolata"
"Botrydiales","Xanthophyceae","Ochrophyta","Stramenopiles","Chromalveolata"
"Mischococcales","Xanthophyceae","Ochrophyta","Stramenopiles","Chromalveolata"
"Rhizochloridales","Xanthophyceae","Ochrophyta","Stramenopiles","Chromalveolata"
"Tribonematales","Xanthophyceae","Ochrophyta","Stramenopiles","Chromalveolata"
"Vaucheriales","Xanthophyceae","Ochrophyta","Stramenopiles","Chromalveolata"
"Albuginales","Oomycetes","Oomycota","Stramenopiles","Chromalveolata"
"Lagenidiales","Oomycetes","Oomycota","Stramenopiles","Chromalveolata"
"Leptomitales","Oomycetes","Oomycota","Stramenopiles","Chromalveolata"
"Olpidiales","Oomycetes","Oomycota","Stramenopiles","Chromalveolata"
"Myzocytiopsidales","Oomycetes","Oomycota","Stramenopiles","Chromalveolata"
"Peronosporales","Oomycetes","Oomycota","Stramenopiles","Chromalveolata"
"Pythiales","Oomycetes","Oomycota","Stramenopiles","Chromalveolata"
"Saprolegniales","Oomycetes","Oomycota","Stramenopiles","Chromalveolata"
"Euglenales","Euglenida","Euglenozoa","Discoba","Excavata"
"Kinetoplastida","Euglenida","Euglenozoa","Discoba","Excavata"
"Schizopyrenida","Heterolobosea","Percolozoa","Discoba","Excavata"
"Diphylatia","Diphyllatea","Loukozoa","Loukozoa","Excavata"
"Jakobida","Jakobea","Loukozoa","Loukozoa","Excavata"
"Malawimonadales","Malawimonadea","Loukozoa","Loukozoa","Excavata"
"Tsukubamonadida","Tsukubea","Loukozoa","Loukozoa","Excavata"
"Oxymonadida","Anaeromonadea","Metamonada","Loukozoa","Excavata"
"None","None","None","None","None"
"Choanoflagellida","Choanoflagellida","Choanofila","Choanozoa","Opisthokonta"
"Nucleariida","Cristidiscoidea","Cristidiscoidia","Choanozoa","Opisthokonta"
"Archaeorhizomycetales","Archaeorhizomycetes","Ascomycota","Fungi","Opisthokonta"
"Arthoniales","Arthoniomycetes","Ascomycota","Fungi","Opisthokonta"
"Coniocybales","Coniocybomycetes","Ascomycota","Fungi","Opisthokonta"
"Acrospermales","Dothideomycetes","Ascomycota","Fungi","Opisthokonta"
"Capnodiales","Dothideomycetes","Ascomycota","Fungi","Opisthokonta"
"Hysteriales","Dothideomycetes","Ascomycota","Fungi","Opisthokonta"
"Koralionastetales","Dothideomycetes","Ascomycota","Fungi","Opisthokonta"
"Pleosporales","Dothideomycetes","Ascomycota","Fungi","Opisthokonta"
"Tubeufiales","Dothideomycetes","Ascomycota","Fungi","Opisthokonta"
"Chaetothyriales","Eurotiomycetes","Ascomycota","Fungi","Opisthokonta"
"Eurotiales","Eurotiomycetes","Ascomycota","Fungi","Opisthokonta"
"Onygenales","Eurotiomycetes","Ascomycota","Fungi","Opisthokonta"
"Verrucariales","Eurotiomycetes","Ascomycota","Fungi","Opisthokonta"
"Laboulbeniales","Laboulbeniomycetes","Ascomycota","Fungi","Opisthokonta"
"Pyxidiophorales","Laboulbeniomycetes","Ascomycota","Fungi","Opisthokonta"
"Acarosporales","Lecanoromycetes","Ascomycota","Fungi","Opisthokonta"
"Agyriales","Lecanoromycetes","Ascomycota","Fungi","Opisthokonta"
"Baeomycetales","Lecanoromycetes","Ascomycota","Fungi","Opisthokonta"
"Candelariales","Lecanoromycetes","Ascomycota","Fungi","Opisthokonta"
"Lecanorales","Lecanoromycetes","Ascomycota","Fungi","Opisthokonta"
"Ostropales","Lecanoromycetes","Ascomycota","Fungi","Opisthokonta"
"Peltigerales","Lecanoromycetes","Ascomycota","Fungi","Opisthokonta"
"Pertusariales","Lecanoromycetes","Ascomycota","Fungi","Opisthokonta"
"Teloschistales","Lecanoromycetes","Ascomycota","Fungi","Opisthokonta"
"Umbilicariales","Lecanoromycetes","Ascomycota","Fungi","Opisthokonta"
"Erysiphales","Leotiomycetes","Ascomycota","Fungi","Opisthokonta"
"Helotiales","Leotiomycetes","Ascomycota","Fungi","Opisthokonta"
"Leotiales","Leotiomycetes","Ascomycota","Fungi","Opisthokonta"
"Leotiomycetes_incertae_sedis","Leotiomycetes","Ascomycota","Fungi","Opisthokonta"
"Rhytismatales","Leotiomycetes","Ascomycota","Fungi","Opisthokonta"
"Thelebolales","Leotiomycetes","Ascomycota","Fungi","Opisthokonta"
"Lichinales","Lichinomycetes","Ascomycota","Fungi","Opisthokonta"
"Orbiliales","Orbiliomycetes","Ascomycota","Fungi","Opisthokonta"
"Pezizales","Pezizomycetes","Ascomycota","Fungi","Opisthokonta"
"Pneumocystidales","Pneumocystidomycetes","Ascomycota","Fungi","Opisthokonta"
"Saccharomycetales","Saccharomycetes","Ascomycota","Fungi","Opisthokonta"
"Chaetosphaeriales","Sordariomycetes","Ascomycota","Fungi","Opisthokonta"
"Diaporthales","Sordariomycetes","Ascomycota","Fungi","Opisthokonta"
"Glomerellales","Sordariomycetes","Ascomycota","Fungi","Opisthokonta"
"Hypocreales","Sordariomycetes","Ascomycota","Fungi","Opisthokonta"
"Lulworthiales","Sordariomycetes","Ascomycota","Fungi","Opisthokonta"
"Magnaporthales","Sordariomycetes","Ascomycota","Fungi","Opisthokonta"
"Microascales","Sordariomycetes","Ascomycota","Fungi","Opisthokonta"
"Ophiostomatales","Sordariomycetes","Ascomycota","Fungi","Opisthokonta"
"Sordariales","Sordariomycetes","Ascomycota","Fungi","Opisthokonta"
"Xylariales","Sordariomycetes","Ascomycota","Fungi","Opisthokonta"
"Taphrinales","Taphrinomycetes","Ascomycota","Fungi","Opisthokonta"
"Agaricales","Agaricomycetes","Basidiomycota","Fungi","Opisthokonta"
"Auriculariales","Agaricomycetes","Basidiomycota","Fungi","Opisthokonta"
"Boletales","Agaricomycetes","Basidiomycota","Fungi","Opisthokonta"
"Cantharellales","Agaricomycetes","Basidiomycota","Fungi","Opisthokonta"
"Corticiales","Agaricomycetes","Basidiomycota","Fungi","Opisthokonta"
"Geastrales","Agaricomycetes","Basidiomycota","Fungi","Opisthokonta"
"Gloeophyllales","Agaricomycetes","Basidiomycota","Fungi","Opisthokonta"
"Gomphales","Agaricomycetes","Basidiomycota","Fungi","Opisthokonta"
"Hymenochaetales","Agaricomycetes","Basidiomycota","Fungi","Opisthokonta"
"Phallales","Agaricomycetes","Basidiomycota","Fungi","Opisthokonta"
"Polyporales","Agaricomycetes","Basidiomycota","Fungi","Opisthokonta"
"Russulales","Agaricomycetes","Basidiomycota","Fungi","Opisthokonta"
"Sebacinales","Agaricomycetes","Basidiomycota","Fungi","Opisthokonta"
"Thelephorales","Agaricomycetes","Basidiomycota","Fungi","Opisthokonta"
"Agaricostilbales","Agaricostilbomycetes","Basidiomycota","Fungi","Opisthokonta"
"Entorrhizales","Entorrhizomycetes","Basidiomycota","Fungi","Opisthokonta"
"Ceraceosorales","Exobasidiomycetes","Basidiomycota","Fungi","Opisthokonta"
"Doassansiales","Exobasidiomycetes","Basidiomycota","Fungi","Opisthokonta"
"Entylomatales","Exobasidiomycetes","Basidiomycota","Fungi","Opisthokonta"
"Exobasidiales","Exobasidiomycetes","Basidiomycota","Fungi","Opisthokonta"
"Georgefischeriales","Exobasidiomycetes","Basidiomycota","Fungi","Opisthokonta"
"Microstromatales","Exobasidiomycetes","Basidiomycota","Fungi","Opisthokonta"
"Tilletiales","Exobasidiomycetes","Basidiomycota","Fungi","Opisthokonta"
"Geminibasidiales","Geminibasidiomycetes","Basidiomycota","Fungi","Opisthokonta"
"Malasseziales","Malasseziomycetes","Basidiomycota","Fungi","Opisthokonta"
"Microbotryales","Microbotryomycetes","Basidiomycota","Fungi","Opisthokonta"
"Helicobasidiales","Pucciniomycetes","Basidiomycota","Fungi","Opisthokonta"
"Platygloeales","Pucciniomycetes","Basidiomycota","Fungi","Opisthokonta"
"Pucciniales","Pucciniomycetes","Basidiomycota","Fungi","Opisthokonta"
"Cystofilobasidiales","Tremellomycetes","Basidiomycota","Fungi","Opisthokonta"
"Filobasidiales","Tremellomycetes","Basidiomycota","Fungi","Opisthokonta"
"Tremellales","Tremellomycetes","Basidiomycota","Fungi","Opisthokonta"
"Urocystales","Ustilaginomycetes","Basidiomycota","Fungi","Opisthokonta"
"Urocystidales","Ustilaginomycetes","Basidiomycota","Fungi","Opisthokonta"
"Ustilaginales","Ustilaginomycetes","Basidiomycota","Fungi","Opisthokonta"
"Blastocladiales","Blastocladiomycetes","Blastocladiomycota","Fungi","Opisthokonta"
"Chytridiales","Chytridiomycetes","Chytridiomycota","Fungi","Opisthokonta"
"Cladochytriales","Chytridiomycetes","Chytridiomycota","Fungi","Opisthokonta"
"Gromochytriales","Chytridiomycetes","Chytridiomycota","Fungi","Opisthokonta"
"Lobulomycetales","Chytridiomycetes","Chytridiomycota","Fungi","Opisthokonta"
"Mesochytriales","Chytridiomycetes","Chytridiomycota","Fungi","Opisthokonta"
"Olpidiales","Chytridiomycetes","Chytridiomycota","Fungi","Opisthokonta"
"Polychytriales","Chytridiomycetes","Chytridiomycota","Fungi","Opisthokonta"
"Rhizophlyctidales","Chytridiomycetes","Chytridiomycota","Fungi","Opisthokonta"
"Rhizophydiales","Chytridiomycetes","Chytridiomycota","Fungi","Opisthokonta"
"Spizellomycetales","Chytridiomycetes","Chytridiomycota","Fungi","Opisthokonta"
"Synchytriales","Chytridiomycetes","Chytridiomycota","Fungi","Opisthokonta"
"Harpochytriales","Monoblepharidomycetes","Chytridiomycota","Fungi","Opisthokonta"
"Hyaloraphidiales","Monoblepharidomycetes","Chytridiomycota","Fungi","Opisthokonta"
"Monoblepharidales","Monoblepharidomycetes","Chytridiomycota","Fungi","Opisthokonta"
"Basidiobolales","Basidiobolomycetes","Entomophthoromycota","Fungi","Opisthokonta"
"Entomophthorales","Entomophthoromycetes","Entomophthoromycota","Fungi","Opisthokonta"
"Neozygitales","Neozygitomycetes","Entomophthoromycota","Fungi","Opisthokonta"
"Archaeosporales","Glomeromycetes","Glomeromycota","Fungi","Opisthokonta"
"Diversisporales","Glomeromycetes","Glomeromycota","Fungi","Opisthokonta"
"Glomerales","Glomeromycetes","Glomeromycota","Fungi","Opisthokonta"
"Paraglomerales","Glomeromycetes","Glomeromycota","Fungi","Opisthokonta"
"Neocallimastigales","Neocallimastigomycetes","Neocallimastigomycota","Fungi","Opisthokonta"
"Asellariales","Kickxellomycotina","Zygomycota","Fungi","Opisthokonta"
"Harpellales","Kickxellomycotina","Zygomycota","Fungi","Opisthokonta"
"Kickxellales","Kickxellomycotina","Zygomycota","Fungi","Opisthokonta"
"Endogonales","Mucoromycotina","Mucoromycota","Fungi","Opisthokonta"
"Mortierellales","Mucoromycotina","Mucoromycota","Fungi","Opisthokonta"
"Mucorales","Mucoromycotina","Mucoromycota","Fungi","Opisthokonta"
"Zoopagales","Zoopagomycotina","Zygomycota","Fungi","Opisthokonta"
"Gigantorhynchida","Archiacanthocephala","Acanthocephala","Metazoa","Opisthokonta"
"Moniliformida","Archiacanthocephala","Acanthocephala","Metazoa","Opisthokonta"
"Oligacanthorhynchida","Archiacanthocephala","Acanthocephala","Metazoa","Opisthokonta"
"Echinorhynchida","Palaeacanthocephala","Acanthocephala","Metazoa","Opisthokonta"
"Polymorphida","Palaeacanthocephala","Acanthocephala","Metazoa","Opisthokonta"
"Echiuroidea","Echiura","Annelida","Metazoa","Opisthokonta"
"Heteromyota","Echiura","Annelida","Metazoa","Opisthokonta"
"Xenopneusta","Echiura","Annelida","Metazoa","Opisthokonta"
"Arhynchobdellida","Hirudinida","Annelida","Metazoa","Opisthokonta"
"Rhynchobdellida","Hirudinida","Annelida","Metazoa","Opisthokonta"
"Haplotaxida","Oligochaeta","Annelida","Metazoa","Opisthokonta"
"Lumbriculida","Oligochaeta","Annelida","Metazoa","Opisthokonta"
"Moniligastrida","Oligochaeta","Annelida","Metazoa","Opisthokonta"
"Capitellida","Polychaeta","Annelida","Metazoa","Opisthokonta"
"Echiuroinea","Polychaeta","Annelida","Metazoa","Opisthokonta"
"Eunicida","Polychaeta","Annelida","Metazoa","Opisthokonta"
"Flabelligerida","Polychaeta","Annelida","Metazoa","Opisthokonta"
"Opheliida","Polychaeta","Annelida","Metazoa","Opisthokonta"
"Orbiniida","Polychaeta","Annelida","Metazoa","Opisthokonta"
"Phyllodocida","Polychaeta","Annelida","Metazoa","Opisthokonta"
"Polychaeta incertae sedis","Polychaeta","Annelida","Metazoa","Opisthokonta"
"Polychaetaincertaesedis","Polychaeta","Annelida","Metazoa","Opisthokonta"
"Sabellida","Polychaeta","Annelida","Metazoa","Opisthokonta"
"Spionida","Polychaeta","Annelida","Metazoa","Opisthokonta"
"Terebellida","Polychaeta","Annelida","Metazoa","Opisthokonta"
"Aspidosiphonidormes","Sipuncula","Annelida","Metazoa","Opisthokonta"
"Golfingiida","Sipuncula","Annelida","Metazoa","Opisthokonta"
"Phascolosomatiformes","Sipuncula","Annelida","Metazoa","Opisthokonta"
"Amblypygi","Arachnida","Arthropoda","Metazoa","Opisthokonta"
"Araneae","Arachnida","Arthropoda","Metazoa","Opisthokonta"
"Astigmata","Arachnida","Arthropoda","Metazoa","Opisthokonta"
"Endeostigmata","Arachnida","Arthropoda","Metazoa","Opisthokonta"
"Holothyrida","Arachnida","Arthropoda","Metazoa","Opisthokonta"
"Ixodida","Arachnida","Arthropoda","Metazoa","Opisthokonta"
"Mesostigmata","Arachnida","Arthropoda","Metazoa","Opisthokonta"
"Opilioacarida","Arachnida","Arthropoda","Metazoa","Opisthokonta"
"Opiliones","Arachnida","Arthropoda","Metazoa","Opisthokonta"
"Oribatida","Arachnida","Arthropoda","Metazoa","Opisthokonta"
"Palpigradi","Arachnida","Arthropoda","Metazoa","Opisthokonta"
"Pseudoscorpiones","Arachnida","Arthropoda","Metazoa","Opisthokonta"
"Ricinulei","Arachnida","Arthropoda","Metazoa","Opisthokonta"
"Schizomida","Arachnida","Arthropoda","Metazoa","Opisthokonta"
"Scorpiones","Arachnida","Arthropoda","Metazoa","Opisthokonta"
"Solifugae","Arachnida","Arthropoda","Metazoa","Opisthokonta"
"Trombidiformes","Arachnida","Arthropoda","Metazoa","Opisthokonta"
"Uropygi","Arachnida","Arthropoda","Metazoa","Opisthokonta"
"Anostraca","Branchiopoda","Arthropoda","Metazoa","Opisthokonta"
"Diplostraca","Branchiopoda","Arthropoda","Metazoa","Opisthokonta"
"Notostraca","Branchiopoda","Arthropoda","Metazoa","Opisthokonta"
"Brachypoda","Cephalocarida","Arthropoda","Metazoa","Opisthokonta"
"Geophilomorpha","Chilopoda","Arthropoda","Metazoa","Opisthokonta"
"Lithobiomorpha","Chilopoda","Arthropoda","Metazoa","Opisthokonta"
"Scolopendromorpha","Chilopoda","Arthropoda","Metazoa","Opisthokonta"
"Scutigeromorpha","Chilopoda","Arthropoda","Metazoa","Opisthokonta"
"Symphyla","Chilopoda","Arthropoda","Metazoa","Opisthokonta"
"Callipodida","Diplopoda","Arthropoda","Metazoa","Opisthokonta"
"Chordeumatida","Diplopoda","Arthropoda","Metazoa","Opisthokonta"
"Craterostigmomorpha","Diplopoda","Arthropoda","Metazoa","Opisthokonta"
"Glomerida","Diplopoda","Arthropoda","Metazoa","Opisthokonta"
"Julida","Diplopoda","Arthropoda","Metazoa","Opisthokonta"
"Pauropoda","Diplopoda","Arthropoda","Metazoa","Opisthokonta"
"Platydesmida","Diplopoda","Arthropoda","Metazoa","Opisthokonta"
"Polydesmida","Diplopoda","Arthropoda","Metazoa","Opisthokonta"
"Polyxenida","Diplopoda","Arthropoda","Metazoa","Opisthokonta"
"Polyzoniida","Diplopoda","Arthropoda","Metazoa","Opisthokonta"
"Spirobolida","Diplopoda","Arthropoda","Metazoa","Opisthokonta"
"Spirostreptida","Diplopoda","Arthropoda","Metazoa","Opisthokonta"
"Collembola","Hexapoda","Arthropoda","Metazoa","Opisthokonta"
"Diplura","Hexapoda","Arthropoda","Metazoa","Opisthokonta"
"Entomobryomorpha","Hexapoda","Arthropoda","Metazoa","Opisthokonta"
"Poduromorpha","Hexapoda","Arthropoda","Metazoa","Opisthokonta"
"Protura","Hexapoda","Arthropoda","Metazoa","Opisthokonta"
"Symphypleona","Hexapoda","Arthropoda","Metazoa","Opisthokonta"
"Neelipleona","Hexapoda","Arthropoda","Metazoa","Opisthokonta"
"Archaeognatha","Insecta","Arthropoda","Metazoa","Opisthokonta"
"Blattodea","Insecta","Arthropoda","Metazoa","Opisthokonta"
"Coleoptera","Insecta","Arthropoda","Metazoa","Opisthokonta"
"Dermaptera","Insecta","Arthropoda","Metazoa","Opisthokonta"
"Diptera","Insecta","Arthropoda","Metazoa","Opisthokonta"
"Embioptera","Insecta","Arthropoda","Metazoa","Opisthokonta"
"Ephemeroptera","Insecta","Arthropoda","Metazoa","Opisthokonta"
"Grylloblattodea","Insecta","Arthropoda","Metazoa","Opisthokonta"
"Hemiptera","Insecta","Arthropoda","Metazoa","Opisthokonta"
"Hymenoptera","Insecta","Arthropoda","Metazoa","Opisthokonta"
"Isoptera","Insecta","Arthropoda","Metazoa","Opisthokonta"
"Lepidoptera","Insecta","Arthropoda","Metazoa","Opisthokonta"
"Mantodea","Insecta","Arthropoda","Metazoa","Opisthokonta"
"Mantophasmatodea","Insecta","Arthropoda","Metazoa","Opisthokonta"
"Mecoptera","Insecta","Arthropoda","Metazoa","Opisthokonta"
"Megaloptera","Insecta","Arthropoda","Metazoa","Opisthokonta"
"Neuroptera","Insecta","Arthropoda","Metazoa","Opisthokonta"
"Odonata","Insecta","Arthropoda","Metazoa","Opisthokonta"
"Orthoptera","Insecta","Arthropoda","Metazoa","Opisthokonta"
"Phasmatodea","Insecta","Arthropoda","Metazoa","Opisthokonta"
"Phthiraptera","Insecta","Arthropoda","Metazoa","Opisthokonta"
"Plecoptera","Insecta","Arthropoda","Metazoa","Opisthokonta"
"Psocoptera","Insecta","Arthropoda","Metazoa","Opisthokonta"
"Raphidioptera","Insecta","Arthropoda","Metazoa","Opisthokonta"
"Siphonaptera","Insecta","Arthropoda","Metazoa","Opisthokonta"
"Strepsiptera","Insecta","Arthropoda","Metazoa","Opisthokonta"
"Thysanoptera","Insecta","Arthropoda","Metazoa","Opisthokonta"
"Trichoptera","Insecta","Arthropoda","Metazoa","Opisthokonta"
"Zygentoma","Insecta","Arthropoda","Metazoa","Opisthokonta"
"Amphipoda","Malacostraca","Arthropoda","Metazoa","Opisthokonta"
"Anaspidacea","Malacostraca","Arthropoda","Metazoa","Opisthokonta"
"Bathynellacea","Malacostraca","Arthropoda","Metazoa","Opisthokonta"
"Cumacea","Malacostraca","Arthropoda","Metazoa","Opisthokonta"
"Decapoda","Malacostraca","Arthropoda","Metazoa","Opisthokonta"
"Euphausiacea","Malacostraca","Arthropoda","Metazoa","Opisthokonta"
"Isopoda","Malacostraca","Arthropoda","Metazoa","Opisthokonta"
"Leptostraca","Malacostraca","Arthropoda","Metazoa","Opisthokonta"
"Lophogastrida","Malacostraca","Arthropoda","Metazoa","Opisthokonta"
"Mysida","Malacostraca","Arthropoda","Metazoa","Opisthokonta"
"Spelaeogriphacea","Malacostraca","Arthropoda","Metazoa","Opisthokonta"
"Tanaidacea","Malacostraca","Arthropoda","Metazoa","Opisthokonta"
"Thermosbaenacea","Malacostraca","Arthropoda","Metazoa","Opisthokonta"
"Akentrogonida","Maxillopoda","Arthropoda","Metazoa","Opisthokonta"
"Apygophora","Maxillopoda","Arthropoda","Metazoa","Opisthokonta"
"Arguloida","Maxillopoda","Arthropoda","Metazoa","Opisthokonta"
"Calanoida","Maxillopoda","Arthropoda","Metazoa","Opisthokonta"
"Cephalobaenida","Maxillopoda","Arthropoda","Metazoa","Opisthokonta"
"Cyclopoida","Maxillopoda","Arthropoda","Metazoa","Opisthokonta"
"Harpacticoida","Maxillopoda","Arthropoda","Metazoa","Opisthokonta"
"Kentrogonida","Maxillopoda","Arthropoda","Metazoa","Opisthokonta"
"Misophrioida","Maxillopoda","Arthropoda","Metazoa","Opisthokonta"
"Monstrilloida","Maxillopoda","Arthropoda","Metazoa","Opisthokonta"
"Mystacocaridida","Maxillopoda","Arthropoda","Metazoa","Opisthokonta"
"Pedunculata","Maxillopoda","Arthropoda","Metazoa","Opisthokonta"
"Poecilostomatoida","Maxillopoda","Arthropoda","Metazoa","Opisthokonta"
"Porocephalida","Maxillopoda","Arthropoda","Metazoa","Opisthokonta"
"Pygophora","Maxillopoda","Arthropoda","Metazoa","Opisthokonta"
"Sessilia","Maxillopoda","Arthropoda","Metazoa","Opisthokonta"
"Siphonostomatoida","Maxillopoda","Arthropoda","Metazoa","Opisthokonta"
"Xiphosura","Merostomata","Arthropoda","Metazoa","Opisthokonta"
"Halocyprida","Ostracoda","Arthropoda","Metazoa","Opisthokonta"
"Myodocopida","Ostracoda","Arthropoda","Metazoa","Opisthokonta"
"Podocopida","Ostracoda","Arthropoda","Metazoa","Opisthokonta"
"Pantopoda","Pycnogonida","Arthropoda","Metazoa","Opisthokonta"
"Nectiopoda","Remipedia","Arthropoda","Metazoa","Opisthokonta"
"Craniida","Craniata","Brachiopoda","Metazoa","Opisthokonta"
"Lingulida","Lingulata","Brachiopoda","Metazoa","Opisthokonta"
"Rhynchonellida","Rhynchonellata","Brachiopoda","Metazoa","Opisthokonta"
"Terebratulida","Rhynchonellata","Brachiopoda","Metazoa","Opisthokonta"
"Thecideida","Rhynchonellata","Brachiopoda","Metazoa","Opisthokonta"
"Cheilostomatida","Gymnolaemata","Bryozoa","Metazoa","Opisthokonta"
"Ctenostomatida","Gymnolaemata","Bryozoa","Metazoa","Opisthokonta"
"Plumatellida","Phylactolaemata","Bryozoa","Metazoa","Opisthokonta"
"Cyclostomatida","Stenolaemata","Bryozoa","Metazoa","Opisthokonta"
"Tubuliporida","Stenolaemata","Bryozoa","Metazoa","Opisthokonta"
"Cyclorhagida","Kinorhyncha","Cephalorhyncha","Metazoa","Opisthokonta"
"Homalorhagida","Kinorhyncha","Cephalorhyncha","Metazoa","Opisthokonta"
"Nanaloricida","Loricifera","Cephalorhyncha","Metazoa","Opisthokonta"
"Nectonematida","Nematomorpha","Cephalorhyncha","Metazoa","Opisthokonta"
"Priapula","Priapulida","Cephalorhyncha","Metazoa","Opisthokonta"
"Aphragmophora","Sagittoidea","Chaetognatha","Metazoa","Opisthokonta"
"Monophragmophora","Sagittoidea","Chaetognatha","Metazoa","Opisthokonta"
"Phragmophora","Sagittoidea","Chaetognatha","Metazoa","Opisthokonta"
"Acanthuriformes","Actinopterygii","Chordata","Metazoa","Opisthokonta"
"Acipenseriformes","Actinopterygii","Chordata","Metazoa","Opisthokonta"
"Albuliformes","Actinopterygii","Chordata","Metazoa","Opisthokonta"
"Alepocephaliformes","Actinopterygii","Chordata","Metazoa","Opisthokonta"
"Amiiformes","Actinopterygii","Chordata","Metazoa","Opisthokonta"
"Anabantiformes","Actinopterygii","Chordata","Metazoa","Opisthokonta"
"Anguilliformes","Actinopterygii","Chordata","Metazoa","Opisthokonta"
"Argentiniformes","Actinopterygii","Chordata","Metazoa","Opisthokonta"
"Ateleopodiformes","Actinopterygii","Chordata","Metazoa","Opisthokonta"
"Atheriniformes","Actinopterygii","Chordata","Metazoa","Opisthokonta"
"Aulopiformes","Actinopterygii","Chordata","Metazoa","Opisthokonta"
"Batrachoidiformes","Actinopterygii","Chordata","Metazoa","Opisthokonta"
"Beloniformes","Actinopterygii","Chordata","Metazoa","Opisthokonta"
"Beryciformes","Actinopterygii","Chordata","Metazoa","Opisthokonta"
"Blenniiformes","Actinopterygii","Chordata","Metazoa","Opisthokonta"
"Carangiformes","Actinopterygii","Chordata","Metazoa","Opisthokonta"
"Centrarchiformes","Actinopterygii","Chordata","Metazoa","Opisthokonta"
"Chaetodontiformes","Actinopterygii","Chordata","Metazoa","Opisthokonta"
"Characiformes","Actinopterygii","Chordata","Metazoa","Opisthokonta"
"Cichliformes","Actinopterygii","Chordata","Metazoa","Opisthokonta"
"Clupeiformes","Actinopterygii","Chordata","Metazoa","Opisthokonta"
"Cypriniformes","Actinopterygii","Chordata","Metazoa","Opisthokonta"
"Cyprinodontiformes","Actinopterygii","Chordata","Metazoa","Opisthokonta"
"Elopiformes","Actinopterygii","Chordata","Metazoa","Opisthokonta"
"Ephippiformes","Actinopterygii","Chordata","Metazoa","Opisthokonta"
"Esociformes","Actinopterygii","Chordata","Metazoa","Opisthokonta"
"Gadiformes","Actinopterygii","Chordata","Metazoa","Opisthokonta"
"Galaxiiformes","Actinopterygii","Chordata","Metazoa","Opisthokonta"
"Gobiiformes","Actinopterygii","Chordata","Metazoa","Opisthokonta"
"Gonorynchiformes","Actinopterygii","Chordata","Metazoa","Opisthokonta"
"Gymnotiformes","Actinopterygii","Chordata","Metazoa","Opisthokonta"
"Hiodontiformes","Actinopterygii","Chordata","Metazoa","Opisthokonta"
"Holocentriformes","Actinopterygii","Chordata","Metazoa","Opisthokonta"
"Istiophoriformes","Actinopterygii","Chordata","Metazoa","Opisthokonta"
"Kurtiformes","Actinopterygii","Chordata","Metazoa","Opisthokonta"
"Labriformes","Actinopterygii","Chordata","Metazoa","Opisthokonta"
"Lampriformes","Actinopterygii","Chordata","Metazoa","Opisthokonta"
"Lepidogalaxiiformes","Actinopterygii","Chordata","Metazoa","Opisthokonta"
"Lobotiformes","Actinopterygii","Chordata","Metazoa","Opisthokonta"
"Lophiiformes","Actinopterygii","Chordata","Metazoa","Opisthokonta"
"Lutjaniformes","Actinopterygii","Chordata","Metazoa","Opisthokonta"
"Mugiliformes","Actinopterygii","Chordata","Metazoa","Opisthokonta"
"Myctophiformes","Actinopterygii","Chordata","Metazoa","Opisthokonta"
"Notacanthiformes","Actinopterygii","Chordata","Metazoa","Opisthokonta"
"Ophidiiformes","Actinopterygii","Chordata","Metazoa","Opisthokonta"
"Osmeriformes","Actinopterygii","Chordata","Metazoa","Opisthokonta"
"Osteoglossiformes","Actinopterygii","Chordata","Metazoa","Opisthokonta"
"Pempheriformes","Actinopterygii","Chordata","Metazoa","Opisthokonta"
"Perciformes","Actinopterygii","Chordata","Metazoa","Opisthokonta"
"Percopsiformes","Actinopterygii","Chordata","Metazoa","Opisthokonta"
"Pleuronectiformes","Actinopterygii","Chordata","Metazoa","Opisthokonta"
"Polymixiiformes","Actinopterygii","Chordata","Metazoa","Opisthokonta"
"Polypteriformes","Actinopterygii","Chordata","Metazoa","Opisthokonta"
"Salmoniformes","Actinopterygii","Chordata","Metazoa","Opisthokonta"
"Scombriformes","Actinopterygii","Chordata","Metazoa","Opisthokonta"
"Semionotiformes","Actinopterygii","Chordata","Metazoa","Opisthokonta"
"Siluriformes","Actinopterygii","Chordata","Metazoa","Opisthokonta"
"Spariformes","Actinopterygii","Chordata","Metazoa","Opisthokonta"
"Stomiiformes","Actinopterygii","Chordata","Metazoa","Opisthokonta"
"Stylephoriformes","Actinopterygii","Chordata","Metazoa","Opisthokonta"
"Synbranchiformes","Actinopterygii","Chordata","Metazoa","Opisthokonta"
"Syngnathiformes","Actinopterygii","Chordata","Metazoa","Opisthokonta"
"Tetraodontiformes","Actinopterygii","Chordata","Metazoa","Opisthokonta"
"Uranoscopiformes","Actinopterygii","Chordata","Metazoa","Opisthokonta"
"Zeiformes","Actinopterygii","Chordata","Metazoa","Opisthokonta"
"Myxiniformes","Agnatha","Chordata","Metazoa","Opisthokonta"
"Petromyzontiformes","Agnatha","Chordata","Metazoa","Opisthokonta"
"Anura","Amphibia","Chordata","Metazoa","Opisthokonta"
"Caudata","Amphibia","Chordata","Metazoa","Opisthokonta"
"Gymnophiona","Amphibia","Chordata","Metazoa","Opisthokonta"
"Copelata","Appendicularia","Chordata","Metazoa","Opisthokonta"
"Enterogona","Ascidiacea","Chordata","Metazoa","Opisthokonta"
"Phlebobranchia","Ascidiacea","Chordata","Metazoa","Opisthokonta"
"Pleurogona","Ascidiacea","Chordata","Metazoa","Opisthokonta"
"Stolidobranchia","Ascidiacea","Chordata","Metazoa","Opisthokonta"
"Anseriformes","Aves","Chordata","Metazoa","Opisthokonta"
"Apodiformes","Aves","Chordata","Metazoa","Opisthokonta"
"Apterygiformes","Aves","Chordata","Metazoa","Opisthokonta"
"Bucerotiformes","Aves","Chordata","Metazoa","Opisthokonta"
"Caprimulgiformes","Aves","Chordata","Metazoa","Opisthokonta"
"Casuariiformes","Aves","Chordata","Metazoa","Opisthokonta"
"Charadriiformes","Aves","Chordata","Metazoa","Opisthokonta"
"Ciconiiformes","Aves","Chordata","Metazoa","Opisthokonta"
"Coliiformes","Aves","Chordata","Metazoa","Opisthokonta"
"Columbiformes","Aves","Chordata","Metazoa","Opisthokonta"
"Coraciiformes","Aves","Chordata","Metazoa","Opisthokonta"
"Cuculiformes","Aves","Chordata","Metazoa","Opisthokonta"
"Dinornithiformes","Aves","Chordata","Metazoa","Opisthokonta"
"Falconiformes","Aves","Chordata","Metazoa","Opisthokonta"
"Galbuliformes","Aves","Chordata","Metazoa","Opisthokonta"
"Galliformes","Aves","Chordata","Metazoa","Opisthokonta"
"Gaviiformes","Aves","Chordata","Metazoa","Opisthokonta"
"Gruiformes","Aves","Chordata","Metazoa","Opisthokonta"
"Musophagiformes","Aves","Chordata","Metazoa","Opisthokonta"
"Opisthocomiformes","Aves","Chordata","Metazoa","Opisthokonta"
"Passeriformes","Aves","Chordata","Metazoa","Opisthokonta"
"Pelecaniformes","Aves","Chordata","Metazoa","Opisthokonta"
"Phoenicopteriformes","Aves","Chordata","Metazoa","Opisthokonta"
"Piciformes","Aves","Chordata","Metazoa","Opisthokonta"
"Podicipediformes","Aves","Chordata","Metazoa","Opisthokonta"
"Procellariiformes","Aves","Chordata","Metazoa","Opisthokonta"
"Psittaciformes","Aves","Chordata","Metazoa","Opisthokonta"
"Rheiformes","Aves","Chordata","Metazoa","Opisthokonta"
"Sphenisciformes","Aves","Chordata","Metazoa","Opisthokonta"
"Strigiformes","Aves","Chordata","Metazoa","Opisthokonta"
"Struthioniformes","Aves","Chordata","Metazoa","Opisthokonta"
"Tinamiformes","Aves","Chordata","Metazoa","Opisthokonta"
"Trochiliformes","Aves","Chordata","Metazoa","Opisthokonta"
"Trogoniformes","Aves","Chordata","Metazoa","Opisthokonta"
"Turniciformes","Aves","Chordata","Metazoa","Opisthokonta"
"Upupiformes","Aves","Chordata","Metazoa","Opisthokonta"
"Leptocardii","Cephalochordata","Chordata","Metazoa","Opisthokonta"
"Carcharhiniformes","Chondrichthyes","Chordata","Metazoa","Opisthokonta"
"Chimaeriformes","Chondrichthyes","Chordata","Metazoa","Opisthokonta"
"Heterodontiformes","Chondrichthyes","Chordata","Metazoa","Opisthokonta"
"Hexanchiformes","Chondrichthyes","Chordata","Metazoa","Opisthokonta"
"Lamniformes","Chondrichthyes","Chordata","Metazoa","Opisthokonta"
"Myliobatiformes","Chondrichthyes","Chordata","Metazoa","Opisthokonta"
"Orectolobiformes","Chondrichthyes","Chordata","Metazoa","Opisthokonta"
"Pristiformes/Rhiniformes","Chondrichthyes","Chordata","Metazoa","Opisthokonta"
"Pristiformes/Rhiniformes group","Chondrichthyes","Chordata","Metazoa","Opisthokonta"
"Rajiformes","Chondrichthyes","Chordata","Metazoa","Opisthokonta"
"Squaliformes","Chondrichthyes","Chordata","Metazoa","Opisthokonta"
"Torpediniformes","Chondrichthyes","Chordata","Metazoa","Opisthokonta"
"Polypteriformes","Cladistia","Chordata","Metazoa","Opisthokonta"
"Artiodactyla","Mammalia","Chordata","Metazoa","Opisthokonta"
"Carnivora","Mammalia","Chordata","Metazoa","Opisthokonta"
"Cetacea","Mammalia","Chordata","Metazoa","Opisthokonta"
"Chiroptera","Mammalia","Chordata","Metazoa","Opisthokonta"
"Cingulata","Mammalia","Chordata","Metazoa","Opisthokonta"
"Dasyuromorphia","Mammalia","Chordata","Metazoa","Opisthokonta"
"Dermoptera","Mammalia","Chordata","Metazoa","Opisthokonta"
"Didelphimorphia","Mammalia","Chordata","Metazoa","Opisthokonta"
"Diprotodontia","Mammalia","Chordata","Metazoa","Opisthokonta"
"Hyracoidea","Mammalia","Chordata","Metazoa","Opisthokonta"
"Insectivora","Mammalia","Chordata","Metazoa","Opisthokonta"
"Lagomorpha","Mammalia","Chordata","Metazoa","Opisthokonta"
"Macroscelidea","Mammalia","Chordata","Metazoa","Opisthokonta"
"Microbiotheria","Mammalia","Chordata","Metazoa","Opisthokonta"
"Monotremata","Mammalia","Chordata","Metazoa","Opisthokonta"
"Notoryctemorphia","Mammalia","Chordata","Metazoa","Opisthokonta"
"Paucituberculata","Mammalia","Chordata","Metazoa","Opisthokonta"
"Peramelemorphia","Mammalia","Chordata","Metazoa","Opisthokonta"
"Perissodactyla","Mammalia","Chordata","Metazoa","Opisthokonta"
"Pholidota","Mammalia","Chordata","Metazoa","Opisthokonta"
"Pilosa","Mammalia","Chordata","Metazoa","Opisthokonta"
"Primates","Mammalia","Chordata","Metazoa","Opisthokonta"
"Proboscidea","Mammalia","Chordata","Metazoa","Opisthokonta"
"Rodentia","Mammalia","Chordata","Metazoa","Opisthokonta"
"Scandentia","Mammalia","Chordata","Metazoa","Opisthokonta"
"Sirenia","Mammalia","Chordata","Metazoa","Opisthokonta"
"Tubulidentata","Mammalia","Chordata","Metazoa","Opisthokonta"
"Crocodylia","Reptilia","Chordata","Metazoa","Opisthokonta"
"Sphenodontia","Reptilia","Chordata","Metazoa","Opisthokonta"
"Squamata","Reptilia","Chordata","Metazoa","Opisthokonta"
"Testudines","Reptilia","Chordata","Metazoa","Opisthokonta"
"Ceratodontiformes","Sarcopterygii","Chordata","Metazoa","Opisthokonta"
"Coelacanthiformes","Sarcopterygii","Chordata","Metazoa","Opisthokonta"
"Lepidosireniformes","Sarcopterygii","Chordata","Metazoa","Opisthokonta"
"Doliolida","Thaliacea","Chordata","Metazoa","Opisthokonta"
"Actiniaria","Anthozoa","Cnidaria","Metazoa","Opisthokonta"
"Alcyonacea","Anthozoa","Cnidaria","Metazoa","Opisthokonta"
"Antipatharia","Anthozoa","Cnidaria","Metazoa","Opisthokonta"
"Ceriantharia","Anthozoa","Cnidaria","Metazoa","Opisthokonta"
"Corallimorpharia","Anthozoa","Cnidaria","Metazoa","Opisthokonta"
"Helioporacea","Anthozoa","Cnidaria","Metazoa","Opisthokonta"
"Pennatulacea","Anthozoa","Cnidaria","Metazoa","Opisthokonta"
"Scleractinia","Anthozoa","Cnidaria","Metazoa","Opisthokonta"
"Telestacea","Anthozoa","Cnidaria","Metazoa","Opisthokonta"
"Zoantharia","Anthozoa","Cnidaria","Metazoa","Opisthokonta"
"Carybdeida","Cubozoa","Cnidaria","Metazoa","Opisthokonta"
"Chirodropida","Cubozoa","Cnidaria","Metazoa","Opisthokonta"
"Anthoathecata","Hydrozoa","Cnidaria","Metazoa","Opisthokonta"
"Hydroida","Hydrozoa","Cnidaria","Metazoa","Opisthokonta"
"Leptothecata","Hydrozoa","Cnidaria","Metazoa","Opisthokonta"
"Leptothecatae","Hydrozoa","Cnidaria","Metazoa","Opisthokonta"
"Limnomedusae","Hydrozoa","Cnidaria","Metazoa","Opisthokonta"
"Milleporina","Hydrozoa","Cnidaria","Metazoa","Opisthokonta"
"Narcomedusae","Hydrozoa","Cnidaria","Metazoa","Opisthokonta"
"Siphonophora","Hydrozoa","Cnidaria","Metazoa","Opisthokonta"
"Siphonophorae","Hydrozoa","Cnidaria","Metazoa","Opisthokonta"
"Stylasterina","Hydrozoa","Cnidaria","Metazoa","Opisthokonta"
"Trachylina","Hydrozoa","Cnidaria","Metazoa","Opisthokonta"
"Trachymedusae","Hydrozoa","Cnidaria","Metazoa","Opisthokonta"
"Bivalvulida","Myxozoa","Cnidaria","Metazoa","Opisthokonta"
"Coronatae","Scyphozoa","Cnidaria","Metazoa","Opisthokonta"
"Rhizostomeae","Scyphozoa","Cnidaria","Metazoa","Opisthokonta"
"Semaeostomeae","Scyphozoa","Cnidaria","Metazoa","Opisthokonta"
"Stauromedusae","Staurozoa","Cnidaria","Metazoa","Opisthokonta"
"Beroida","Nuda","Ctenophora","Metazoa","Opisthokonta"
"Cestida","Tentaculata","Ctenophora","Metazoa","Opisthokonta"
"Cydippida","Tentaculata","Ctenophora","Metazoa","Opisthokonta"
"Lobata","Tentaculata","Ctenophora","Metazoa","Opisthokonta"
"Platyctenida","Tentaculata","Ctenophora","Metazoa","Opisthokonta"
"Brisingida","Asteroidea","Echinodermata","Metazoa","Opisthokonta"
"Forcipulatida","Asteroidea","Echinodermata","Metazoa","Opisthokonta"
"Notomyotida","Asteroidea","Echinodermata","Metazoa","Opisthokonta"
"Paxillosida","Asteroidea","Echinodermata","Metazoa","Opisthokonta"
"Spinulosida","Asteroidea","Echinodermata","Metazoa","Opisthokonta"
"Valvatida","Asteroidea","Echinodermata","Metazoa","Opisthokonta"
"Velatida","Asteroidea","Echinodermata","Metazoa","Opisthokonta"
"Bourgueticrinida","Crinoidea","Echinodermata","Metazoa","Opisthokonta"
"Comatulida","Crinoidea","Echinodermata","Metazoa","Opisthokonta"
"Cyrtocrinida","Crinoidea","Echinodermata","Metazoa","Opisthokonta"
"Hyocrinida","Crinoidea","Echinodermata","Metazoa","Opisthokonta"
"Isocrinida","Crinoidea","Echinodermata","Metazoa","Opisthokonta"
"Millericrinida","Crinoidea","Echinodermata","Metazoa","Opisthokonta"
"Arbacoida","Echinoidea","Echinodermata","Metazoa","Opisthokonta"
"Cassiduloida","Echinoidea","Echinodermata","Metazoa","Opisthokonta"
"Cidaroida","Echinoidea","Echinodermata","Metazoa","Opisthokonta"
"Clypeasteroida","Echinoidea","Echinodermata","Metazoa","Opisthokonta"
"Diadematoida","Echinoidea","Echinodermata","Metazoa","Opisthokonta"
"Echinoida","Echinoidea","Echinodermata","Metazoa","Opisthokonta"
"Echinothurioida","Echinoidea","Echinodermata","Metazoa","Opisthokonta"
"Echinothuroida","Echinoidea","Echinodermata","Metazoa","Opisthokonta"
"Pedinoida","Echinoidea","Echinodermata","Metazoa","Opisthokonta"
"Phymosomatoida","Echinoidea","Echinodermata","Metazoa","Opisthokonta"
"Spatangoida","Echinoidea","Echinodermata","Metazoa","Opisthokonta"
"Temnopleuroida","Echinoidea","Echinodermata","Metazoa","Opisthokonta"
"Apodida","Holothuroidea","Echinodermata","Metazoa","Opisthokonta"
"Aspidochirotida","Holothuroidea","Echinodermata","Metazoa","Opisthokonta"
"Dendrochirotida","Holothuroidea","Echinodermata","Metazoa","Opisthokonta"
"Elasipodida","Holothuroidea","Echinodermata","Metazoa","Opisthokonta"
"Molpadiida","Holothuroidea","Echinodermata","Metazoa","Opisthokonta"
"Euryalida","Ophiuroidea","Echinodermata","Metazoa","Opisthokonta"
"Ophiurida","Ophiuroidea","Echinodermata","Metazoa","Opisthokonta"
"Coloniales","Entoprocta","Entoprocta","Metazoa","Opisthokonta"
"Solitaria","Entoprocta","Entoprocta","Metazoa","Opisthokonta"
"Chaetonotida","Gastrotricha","Gastrotricha","Metazoa","Opisthokonta"
"Macrodasyida","Gastrotricha","Gastrotricha","Metazoa","Opisthokonta"
"Bursovaginoidea","Gnathostomulida","Gnathostomulida","Metazoa","Opisthokonta"
"Filospermoidea","Gnathostomulida","Gnathostomulida","Metazoa","Opisthokonta"
"Enteropneusta","Enteropneusta","Hemichordata","Metazoa","Opisthokonta"
"Rhabdopleurida","Pterobranchia","Hemichordata","Metazoa","Opisthokonta"
"Dicyemida","Dyciemida","Mesozoa","Metazoa","Opisthokonta"
"Arcoida","Bivalvia","Mollusca","Metazoa","Opisthokonta"
"Limoida","Bivalvia","Mollusca","Metazoa","Opisthokonta"
"Lucinoida","Bivalvia","Mollusca","Metazoa","Opisthokonta"
"Myoida","Bivalvia","Mollusca","Metazoa","Opisthokonta"
"Mytiloida","Bivalvia","Mollusca","Metazoa","Opisthokonta"
"Nuculanoida","Bivalvia","Mollusca","Metazoa","Opisthokonta"
"Nuculoida","Bivalvia","Mollusca","Metazoa","Opisthokonta"
"Ostreoida","Bivalvia","Mollusca","Metazoa","Opisthokonta"
"Pectinoida","Bivalvia","Mollusca","Metazoa","Opisthokonta"
"Pholadomyoida","Bivalvia","Mollusca","Metazoa","Opisthokonta"
"Pterioida","Bivalvia","Mollusca","Metazoa","Opisthokonta"
"Solemyoida","Bivalvia","Mollusca","Metazoa","Opisthokonta"
"Unionoida","Bivalvia","Mollusca","Metazoa","Opisthokonta"
"Veneroida","Bivalvia","Mollusca","Metazoa","Opisthokonta"
"Chaetodermatida","Caudofoveata","Mollusca","Metazoa","Opisthokonta"
"Limifossorida","Caudofoveata","Mollusca","Metazoa","Opisthokonta"
"Nautilida","Cephalopoda","Mollusca","Metazoa","Opisthokonta"
"Octopoda","Cephalopoda","Mollusca","Metazoa","Opisthokonta"
"Sepiida","Cephalopoda","Mollusca","Metazoa","Opisthokonta"
"Sepiolida","Cephalopoda","Mollusca","Metazoa","Opisthokonta"
"Spirulida","Cephalopoda","Mollusca","Metazoa","Opisthokonta"
"Teuthida","Cephalopoda","Mollusca","Metazoa","Opisthokonta"
"Vampyromorpha","Cephalopoda","Mollusca","Metazoa","Opisthokonta"
"Acochlidiacea","Gastropoda","Mollusca","Metazoa","Opisthokonta"
"Anaspidea","Gastropoda","Mollusca","Metazoa","Opisthokonta"
"Architectibranchia","Gastropoda","Mollusca","Metazoa","Opisthokonta"
"Basommatophora","Gastropoda","Mollusca","Metazoa","Opisthokonta"
"Caenogastropoda crown group","Gastropoda","Mollusca","Metazoa","Opisthokonta"
"Cephalaspidea","Gastropoda","Mollusca","Metazoa","Opisthokonta"
"Gymnosomata","Gastropoda","Mollusca","Metazoa","Opisthokonta"
"Heterobranchia","Gastropoda","Mollusca","Metazoa","Opisthokonta"
"Heterobranchia crown group","Gastropoda","Mollusca","Metazoa","Opisthokonta"
"Littorinimorpha","Gastropoda","Mollusca","Metazoa","Opisthokonta"
"Neogastropoda","Gastropoda","Mollusca","Metazoa","Opisthokonta"
"Nudibranchia","Gastropoda","Mollusca","Metazoa","Opisthokonta"
"Patellogastropoda","Gastropoda","Mollusca","Metazoa","Opisthokonta"
"Pleurobranchomorpha","Gastropoda","Mollusca","Metazoa","Opisthokonta"
"Pulmonata","Gastropoda","Mollusca","Metazoa","Opisthokonta"
"Runcinacea","Gastropoda","Mollusca","Metazoa","Opisthokonta"
"Sacoglossa","Gastropoda","Mollusca","Metazoa","Opisthokonta"
"Thecosomata","Gastropoda","Mollusca","Metazoa","Opisthokonta"
"Umbraculida","Gastropoda","Mollusca","Metazoa","Opisthokonta"
"Vetigastropoda","Gastropoda","Mollusca","Metazoa","Opisthokonta"
"Monoplacophora","Monoplacophora","Mollusca","Metazoa","Opisthokonta"
"Neoloricata","Polyplacophora","Mollusca","Metazoa","Opisthokonta"
"Dentaliida","Scaphopoda","Mollusca","Metazoa","Opisthokonta"
"Gadilida","Scaphopoda","Mollusca","Metazoa","Opisthokonta"
"Cavibelonia","Solenogastres","Mollusca","Metazoa","Opisthokonta"
"Pholidoskepia","Solenogastres","Mollusca","Metazoa","Opisthokonta"
"Araeolaimida","Chromadorea","Nematoda","Metazoa","Opisthokonta"
"Ascaridida","Chromadorea","Nematoda","Metazoa","Opisthokonta"
"Chromadorida","Chromadorea","Nematoda","Metazoa","Opisthokonta"
"Desmodorida","Chromadorea","Nematoda","Metazoa","Opisthokonta"
"Desmoscolecida","Chromadorea","Nematoda","Metazoa","Opisthokonta"
"Diplogasterida","Chromadorea","Nematoda","Metazoa","Opisthokonta"
"Monhysterida","Chromadorea","Nematoda","Metazoa","Opisthokonta"
"Oxyurida","Chromadorea","Nematoda","Metazoa","Opisthokonta"
"Plectida","Chromadorea","Nematoda","Metazoa","Opisthokonta"
"Rhabditida","Chromadorea","Nematoda","Metazoa","Opisthokonta"
"Rhigonematida","Chromadorea","Nematoda","Metazoa","Opisthokonta"
"Spirurida","Chromadorea","Nematoda","Metazoa","Opisthokonta"
"Tylenchida","Chromadorea","Nematoda","Metazoa","Opisthokonta"
"Dioctophymatida","Enoplea","Nematoda","Metazoa","Opisthokonta"
"Dorylaimida","Enoplea","Nematoda","Metazoa","Opisthokonta"
"Enoplida","Enoplea","Nematoda","Metazoa","Opisthokonta"
"Isolaimida","Enoplea","Nematoda","Metazoa","Opisthokonta"
"Marimermithida","Enoplea","Nematoda","Metazoa","Opisthokonta"
"Mermithida","Enoplea","Nematoda","Metazoa","Opisthokonta"
"Mononchida","Enoplea","Nematoda","Metazoa","Opisthokonta"
"Muspiceida","Enoplea","Nematoda","Metazoa","Opisthokonta"
"Trichinellida","Enoplea","Nematoda","Metazoa","Opisthokonta"
"Trichocephalida","Enoplea","Nematoda","Metazoa","Opisthokonta"
"Triplonchida","Enoplea","Nematoda","Metazoa","Opisthokonta"
"Heteronemertea","Anopla","Nemertea","Metazoa","Opisthokonta"
"Palaeonemertea","Anopla","Nemertea","Metazoa","Opisthokonta"
"Paleonemertea","Anopla","Nemertea","Metazoa","Opisthokonta"
"Bdellonemertea","Enopla","Nemertea","Metazoa","Opisthokonta"
"Monostilifera","Enopla","Nemertea","Metazoa","Opisthokonta"
"Polystilifera","Enopla","Nemertea","Metazoa","Opisthokonta"
"Catenulida","Catenulida","Platyhelminthes","Metazoa","Opisthokonta"
"Amphilinidea","Cestoda","Platyhelminthes","Metazoa","Opisthokonta"
"Bothriocephalidea","Cestoda","Platyhelminthes","Metazoa","Opisthokonta"
"Caryophyllidea","Cestoda","Platyhelminthes","Metazoa","Opisthokonta"
"Cyclophyllidea","Cestoda","Platyhelminthes","Metazoa","Opisthokonta"
"Diphyllidea","Cestoda","Platyhelminthes","Metazoa","Opisthokonta"
"Diphyllobothriidea","Cestoda","Platyhelminthes","Metazoa","Opisthokonta"
"Gyrocotylidea","Cestoda","Platyhelminthes","Metazoa","Opisthokonta"
"Haplobothriidea","Cestoda","Platyhelminthes","Metazoa","Opisthokonta"
"Litobothriidea","Cestoda","Platyhelminthes","Metazoa","Opisthokonta"
"Nippotaeniidea","Cestoda","Platyhelminthes","Metazoa","Opisthokonta"
"Proteocephalidea","Cestoda","Platyhelminthes","Metazoa","Opisthokonta"
"Spathebothriidea","Cestoda","Platyhelminthes","Metazoa","Opisthokonta"
"Tetrabothriidea","Cestoda","Platyhelminthes","Metazoa","Opisthokonta"
"Tetraphyllidea","Cestoda","Platyhelminthes","Metazoa","Opisthokonta"
"Trypanorhyncha","Cestoda","Platyhelminthes","Metazoa","Opisthokonta"
"Monopisthocotylea","Monogenea","Platyhelminthes","Metazoa","Opisthokonta"
"Polyopisthocotylea","Monogenea","Platyhelminthes","Metazoa","Opisthokonta"
"Bothrioplanida","Rhabditophora","Platyhelminthes","Metazoa","Opisthokonta"
"Eulecithophora","Rhabditophora","Platyhelminthes","Metazoa","Opisthokonta"
"Fecampiida","Rhabditophora","Platyhelminthes","Metazoa","Opisthokonta"
"Gnosonosemida","Rhabditophora","Platyhelminthes","Metazoa","Opisthokonta"
"Haplopharyngida","Rhabditophora","Platyhelminthes","Metazoa","Opisthokonta"
"Lecithoepitheliata","Rhabditophora","Platyhelminthes","Metazoa","Opisthokonta"
"Macrostomida","Rhabditophora","Platyhelminthes","Metazoa","Opisthokonta"
"Polycladida","Rhabditophora","Platyhelminthes","Metazoa","Opisthokonta"
"Prolecithophora","Rhabditophora","Platyhelminthes","Metazoa","Opisthokonta"
"Prorhynchida","Rhabditophora","Platyhelminthes","Metazoa","Opisthokonta"
"Proseriata","Rhabditophora","Platyhelminthes","Metazoa","Opisthokonta"
"Rhabdocoela","Rhabditophora","Platyhelminthes","Metazoa","Opisthokonta"
"Seriata","Rhabditophora","Platyhelminthes","Metazoa","Opisthokonta"
"Tricladida","Rhabditophora","Platyhelminthes","Metazoa","Opisthokonta"
"Turbellaria","Rhabditophora","Platyhelminthes","Metazoa","Opisthokonta"
"Azygiida","Trematoda","Platyhelminthes","Metazoa","Opisthokonta"
"Echinostomida","Trematoda","Platyhelminthes","Metazoa","Opisthokonta"
"Opisthorchiida","Trematoda","Platyhelminthes","Metazoa","Opisthokonta"
"Plagiorchiida","Trematoda","Platyhelminthes","Metazoa","Opisthokonta"
"Strigeidida","Trematoda","Platyhelminthes","Metazoa","Opisthokonta"
"Clathrinida","Calcarea","Porifera","Metazoa","Opisthokonta"
"Leucosolenida","Calcarea","Porifera","Metazoa","Opisthokonta"
"Lithonida","Calcarea","Porifera","Metazoa","Opisthokonta"
"Agelasida","Demospongiae","Porifera","Metazoa","Opisthokonta"
"Astrophorida","Demospongiae","Porifera","Metazoa","Opisthokonta"
"Axinellida","Demospongiae","Porifera","Metazoa","Opisthokonta"
"Biemnida","Demospongiae","Porifera","Metazoa","Opisthokonta"
"Bubarida","Demospongiae","Porifera","Metazoa","Opisthokonta"
"Clionaida","Demospongiae","Porifera","Metazoa","Opisthokonta"
"Chondrillida","Demospongiae","Porifera","Metazoa","Opisthokonta"
"Dendroceratida","Demospongiae","Porifera","Metazoa","Opisthokonta"
"Desmacellida","Demospongiae","Porifera","Metazoa","Opisthokonta"
"Dictyoceratida","Demospongiae","Porifera","Metazoa","Opisthokonta"
"Hadromerida","Demospongiae","Porifera","Metazoa","Opisthokonta"
"Halichondrida","Demospongiae","Porifera","Metazoa","Opisthokonta"
"Haplosclerida","Demospongiae","Porifera","Metazoa","Opisthokonta"
"Lithistida","Demospongiae","Porifera","Metazoa","Opisthokonta"
"Merliida","Demospongiae","Porifera","Metazoa","Opisthokonta"
"Poecilosclerida","Demospongiae","Porifera","Metazoa","Opisthokonta"
"Polymastiida","Demospongiae","Porifera","Metazoa","Opisthokonta"
"Scopalinida","Demospongiae","Porifera","Metazoa","Opisthokonta"
"Sphaerocladina","Demospongiae","Porifera","Metazoa","Opisthokonta"
"Spirophorida","Demospongiae","Porifera","Metazoa","Opisthokonta"
"Spongillida","Demospongiae","Porifera","Metazoa","Opisthokonta"
"Suberitida","Demospongiae","Porifera","Metazoa","Opisthokonta"
"Tethyida","Demospongiae","Porifera","Metazoa","Opisthokonta"
"Tetractinellida","Demospongiae","Porifera","Metazoa","Opisthokonta"
"Verongida","Demospongiae","Porifera","Metazoa","Opisthokonta"
"Verongiida","Demospongiae","Porifera","Metazoa","Opisthokonta"
"Amphidiscosida","Hexactinellida","Porifera","Metazoa","Opisthokonta"
"Hexactinosida","Hexactinellida","Porifera","Metazoa","Opisthokonta"
"Lyssacinosida","Hexactinellida","Porifera","Metazoa","Opisthokonta"
"Homosclerophorida","Homoscleromorpha","Porifera","Metazoa","Opisthokonta"
"Adinetida","Bdelloidea","Rotifera","Metazoa","Opisthokonta"
"Philodinida","Bdelloidea","Rotifera","Metazoa","Opisthokonta"
"Flosculariacea","Monogononta","Rotifera","Metazoa","Opisthokonta"
"Ploima","Monogononta","Rotifera","Metazoa","Opisthokonta"
"Ploimida","Monogononta","Rotifera","Metazoa","Opisthokonta"
"Apochela","Eutardigrada","Tardigrada","Metazoa","Opisthokonta"
"Parachela","Eutardigrada","Tardigrada","Metazoa","Opisthokonta"
"Arthrotardigrada","Heterotardigrada","Tardigrada","Metazoa","Opisthokonta"
"Echiniscoidea","Heterotardigrada","Tardigrada","Metazoa","Opisthokonta"
"Acoela","Acoela","Xenacoelomorpha","Metazoa","Opisthokonta"
"Nemertodermatida","Nemertodermatida","Xenacoelomorpha","Metazoa","Opisthokonta"
"Xenoturbellida","Xenoturbellida","Xenacoelomorpha","Metazoa","Opisthokonta"
"Amoebidiales","Ichthyosporea ","Mesomycetozoea","Teretosporea","Opisthokonta"
"Dermocystida","Ichthyosporea ","Mesomycetozoea","Teretosporea","Opisthokonta"
"Eccrinales","Ichthyosporea ","Mesomycetozoea","Teretosporea","Opisthokonta"
"Ichthyophonida","Ichthyosporea ","Mesomycetozoea","Teretosporea","Opisthokonta"
"Caulobacterales","Alphaproteobacteria","Proteobacteria","Bacteria","Prokaryota"
"Kiloniellales","Alphaproteobacteria","Proteobacteria","Bacteria","Prokaryota"
"Kopriimonadales","Alphaproteobacteria","Proteobacteria","Bacteria","Prokaryota"
"Kordiimonadales","Alphaproteobacteria","Proteobacteria","Bacteria","Prokaryota"
"Magnetococcales","Alphaproteobacteria","Proteobacteria","Bacteria","Prokaryota"
"Parvularculales","Alphaproteobacteria","Proteobacteria","Bacteria","Prokaryota"
"Pelagibacterales","Alphaproteobacteria","Proteobacteria","Bacteria","Prokaryota"
"Rhizobiales","Alphaproteobacteria","Proteobacteria","Bacteria","Prokaryota"
"Rhodobacterales","Alphaproteobacteria","Proteobacteria","Bacteria","Prokaryota"
"Rhodospirillales","Alphaproteobacteria","Proteobacteria","Bacteria","Prokaryota"
"Rhodothalassiales","Alphaproteobacteria","Proteobacteria","Bacteria","Prokaryota"
"Rickettsiales","Alphaproteobacteria","Proteobacteria","Bacteria","Prokaryota"
"Sneathiellales","Alphaproteobacteria","Proteobacteria","Bacteria","Prokaryota"
"Sphingomonadales","Alphaproteobacteria","Proteobacteria","Bacteria","Prokaryota"
"Burkholderiales","Betaproteobacteria","Proteobacteria","Bacteria","Prokaryota"
"Ferritrophicales","Betaproteobacteria","Proteobacteria","Bacteria","Prokaryota"
"Ferrovales","Betaproteobacteria","Proteobacteria","Bacteria","Prokaryota"
"Gallionellales","Betaproteobacteria","Proteobacteria","Bacteria","Prokaryota"
"Hydrogenophilales","Betaproteobacteria","Proteobacteria","Bacteria","Prokaryota"
"Methylophilales","Betaproteobacteria","Proteobacteria","Bacteria","Prokaryota"
"Neisseriales","Betaproteobacteria","Proteobacteria","Bacteria","Prokaryota"
"Nitrosomonadales","Betaproteobacteria","Proteobacteria","Bacteria","Prokaryota"
"Procabacteriales","Betaproteobacteria","Proteobacteria","Bacteria","Prokaryota"
"Rhodocyclales","Betaproteobacteria","Proteobacteria","Bacteria","Prokaryota"
"Sulfuricellales","Betaproteobacteria","Proteobacteria","Bacteria","Prokaryota"
"Acidiferrobacterales","Gammaproteobacteria","Proteobacteria","Bacteria","Prokaryota"
"Aeromonadales","Gammaproteobacteria","Proteobacteria","Bacteria","Prokaryota"
"Alteromonadales","Gammaproteobacteria","Proteobacteria","Bacteria","Prokaryota"
"Arenicellales","Gammaproteobacteria","Proteobacteria","Bacteria","Prokaryota"
"Cardiobacteriales","Gammaproteobacteria","Proteobacteria","Bacteria","Prokaryota"
"Cellvibrionales","Gammaproteobacteria","Proteobacteria","Bacteria","Prokaryota"
"Chromatiales","Gammaproteobacteria","Proteobacteria","Bacteria","Prokaryota"
"Enterobacterales","Gammaproteobacteria","Proteobacteria","Bacteria","Prokaryota"
"Legionellales","Gammaproteobacteria","Proteobacteria","Bacteria","Prokaryota"
"Methylococcales","Gammaproteobacteria","Proteobacteria","Bacteria","Prokaryota"
"Nevskiales","Gammaproteobacteria","Proteobacteria","Bacteria","Prokaryota"
"Oceanospirillales","Gammaproteobacteria","Proteobacteria","Bacteria","Prokaryota"
"Orbales","Gammaproteobacteria","Proteobacteria","Bacteria","Prokaryota"
"Pasteurellales","Gammaproteobacteria","Proteobacteria","Bacteria","Prokaryota"
"Pseudomonadales","Gammaproteobacteria","Proteobacteria","Bacteria","Prokaryota"
"Salinisphaerales","Gammaproteobacteria","Proteobacteria","Bacteria","Prokaryota"
"Thiotrichales","Gammaproteobacteria","Proteobacteria","Bacteria","Prokaryota"
"Vibrionales","Gammaproteobacteria","Proteobacteria","Bacteria","Prokaryota"
"Xanthomonadales","Gammaproteobacteria","Proteobacteria","Bacteria","Prokaryota"
